Emp_ID,Fname,Lname,Super_Emp_ID,Winery_ID
695051156,Jose,Halls,,1
809465589,Nat,Drever,695051156,1
704316284,Geri,Morot,695051156,1
218785454,Othilie,Manders,695051156,1
704932965,Kiley,Giacobelli,695051156,1
572005939,Stern,Liddel,695051156,1
973155495,Weider,Hillaby,695051156,1
800120748,Wendell,Pawson,695051156,1
698068899,Lemar,Schankel,695051156,1
384525528,Bonita,Brisker,695051156,1
512628281,Amanda,Parsons,,2
212608540,Tami,Martinie,512628281,2
303161176,Shoshanna,Antoniewski,512628281,2
206707146,Irwin,Goter,512628281,2
783549158,Yvor,Whitbread,512628281,2
758455966,Agnese,Brind,512628281,2
268608106,Carmita,Walsh,512628281,2
116856221,Cyndi,Domico,512628281,2
381696743,Flory,Scoles,512628281,2
405837815,Elnora,Espine,512628281,2
573569394,Thorny,Di Pietro,512628281,2
258346627,Brynne,Crossdale,512628281,2
984680868,Shaila,Pruchetto,,3
167939037,Porta,Conechie,984680868,3
451980467,Avie,Anetts,984680868,3
423697266,Kip,Alfonsetti,984680868,3
695401184,Berke,Napoli,984680868,3
688423611,Agata,Hutchin,984680868,3
613173735,Bea,Caple,984680868,3
873707318,Mannie,Korpolak,984680868,3
740099995,Ossie,Dioniso,984680868,3
338376153,Kirk,Cranham,984680868,3
757632552,Ethelyn,Bew,984680868,3
246517543,Terrijo,Penylton,984680868,3
935682129,Anne,Boggish,984680868,3
255285926,Clarance,Reynault,984680868,3
254576826,Lorenza,Iseton,984680868,3
313729330,Sheri,Werner,984680868,3
499797857,Ebenezer,Jaeggi,984680868,3
410029289,Corinne,Tamplin,984680868,3
977408772,Phylis,Tevelov,984680868,3
485659359,Ruprecht,Thacke,984680868,3
662856531,Marcy,Peasee,272414269,4
272414269,Conner,Vaux,,4
3490815,Druci,McLucas,272414269,4
29698160,Jo,Halls,272414269,4
363334832,Adrea,Kilshall,272414269,4
223036684,Kenon,Ghidini,272414269,4
720491056,Fonz,Farrimond,272414269,4
532582551,Garwood,Kelson,272414269,4
923640367,Saxon,Isbell,272414269,4
554684372,Dorise,Paylor,272414269,4
821669428,Fidela,Arnowitz,272414269,4
108847063,Juieta,Pasby,272414269,4
899955811,Ralf,McWaters,272414269,4
668027406,Juliet,Siney,272414269,4
272814154,Rodina,Rafferty,272414269,4
314985069,Janetta,Mate,272414269,4
219098479,Bendicty,Swigg,272414269,4
843840642,Nelle,Aslin,272414269,4
472494912,Bayard,Breznovic,272414269,4
509803727,Davie,Kervin,272414269,4
203990915,Augustin,Bartolomucci,272414269,4
289179157,Grove,Dutson,272414269,4
10475538,Kelcy,Blindt,272414269,4
634638980,Bibbie,Verrell,272414269,4
536364213,Barbara,Gonzales,,5
873667784,Kellyann,Oret,536364213,5
312175484,Joyous,Vandrill,536364213,5
193908264,Leicester,Jozwik,536364213,5
96751798,Julie,Trippick,536364213,5
266302573,Rosabel,Fosdike,536364213,5
337543082,Wilmette,Varah,536364213,5
570124221,Anthiathia,Fayre,536364213,5
196025570,Nathanael,Restieaux,536364213,5
769887523,Nadia,Picheford,536364213,5
334692676,Klara,Maddicks,536364213,5
805305573,Francisco,Ferraron,536364213,5
832720851,Cobbie,Woollin,536364213,5
153705061,Ebony,Gussin,536364213,5
538019146,Pascal,Sporton,536364213,5
407908009,Verene,Bourthouloume,536364213,5
263963599,Tobe,Quin,536364213,5
603103789,Steffi,Thexton,536364213,5
645805406,Rebbecca,Oatley,536364213,5
128269983,Kati,Simioni,536364213,5
162473645,Evelina,Youd,536364213,5
451978062,Nadine,MacKereth,536364213,5
469125628,Ephrayim,Stapleton,536364213,5
30776885,Carolina,Libby,536364213,5
62446700,Modesty,Percifull,536364213,5
103193439,Brit,Bownd,536364213,5
50460606,Izzy,Laister,536364213,5
14404817,Axel,Eighteen,536364213,5
437839222,Roxanne,Jindacek,,6
488089940,Augustin,Jime,437839222,6
894233329,Delia,Willmore,437839222,6
949578310,Edlin,Baylis,437839222,6
620842889,Alethea,Peacham,437839222,6
162286335,Kin,Parkman,437839222,6
886146452,Thaxter,Strutton,437839222,6
765594065,Barney,Ferraresi,437839222,6
23746359,Alistair,Souttar,437839222,6
1231826,Odelia,Kilmister,437839222,6
263487923,Pierson,Tremeer,437839222,6