1,quam,1993,0,14.10,15000.00,6608.10,18,247
2,eu,2002,11,12.80,9000.00,3115.87,12,219
3,auctor gravida,1986,18,12.10,4500.00,9159.63,19,184
4,fusce,2011,77,6.60,1500.00,96.79,14,172
5,volutpat quam,2016,92,11.90,3000.00,1165.36,6,197
6,id ligula,1987,53,7.00,3000.00,8893.76,22,56
7,at,1982,51,8.50,750.00,7694.95,26,199
8,varius,2005,55,7.80,9000.00,82.59,22,222
9,mauris vulputate,1981,15,10.40,9000.00,1293.44,7,76
10,lorem,2002,10,14.60,187.50,262.48,9,229
11,tincidunt ante,1989,63,13.40,187.50,3036.83,4,139
12,integer,1996,44,9.70,187.50,197.01,12,28
13,lobortis ligula,2009,64,7.70,1500.00,5689.85,19,146
14,diam,2010,65,12.30,15000.00,1959.54,6,19
15,donec,1988,64,10.90,3000.00,4363.96,19,202
16,non,1994,91,9.30,375.00,4068.74,3,70
17,vivamus,2008,15,10.70,187.50,5795.69,14,63
18,vel dapibus,1990,60,12.80,9000.00,4780.22,20,9
19,in lectus,1985,51,6.70,3000.00,6139.92,25,89
20,donec,2008,91,14.20,12000.00,5855.99,24,167
21,posuere cubilia,1995,51,11.90,187.50,5407.82,22,51
22,vestibulum sed,2018,50,10.50,375.00,6889.18,18,173
23,erat,2002,42,6.50,6000.00,6957.14,6,31
24,orci mauris,2004,18,12.80,750.00,1601.47,1,71
25,a,1984,98,9.60,1000.00,2489.28,8,135
26,cubilia curae,1991,99,15.20,1000.00,9918.99,5,213
27,pellentesque,2015,75,10.20,1000.00,1560.29,6,5
28,ipsum primis,1982,61,12.60,375.00,5670.17,4,194
29,hac habitasse,1983,61,10.80,3000.00,6868.55,25,258
30,primis in,1980,61,9.40,4500.00,6869.23,10,51
31,neque libero,2015,26,7.00,15000.00,9426.66,7,42
32,luctus et,1983,4,12.00,1000.00,8475.01,4,236
33,vitae,2001,66,13.90,1000.00,7505.38,2,72
34,maecenas leo,2009,89,8.00,6000.00,5473.24,15,172
35,velit donec,1983,97,5.90,6000.00,7341.16,5,227
36,viverra eget,2005,1,10.70,12000.00,58.53,13,235
37,pellentesque quisque,2015,35,14.80,187.50,8453.58,7,77
38,justo aliquam,2016,32,15.50,1000.00,7477.68,22,36
39,eros vestibulum,1987,79,6.20,1000.00,6187.70,19,102
40,tellus,2014,50,9.10,3000.00,4456.81,16,217
41,nec,1997,40,8.00,9000.00,6345.87,22,80
42,justo nec,2010,56,12.10,187.50,9172.21,8,99
43,tellus nisi,1990,92,14.00,9000.00,9787.04,7,230
44,quam a,2012,65,10.10,12000.00,2054.84,2,18
45,eu interdum,2018,82,12.00,375.00,2025.46,10,35
46,vestibulum sit,2010,85,7.10,4500.00,1438.87,17,237
47,purus aliquet,2005,38,15.50,4500.00,6274.26,8,170
48,diam id,1991,48,15.30,15000.00,9819.46,1,154
49,felis,2003,78,13.20,187.50,3930.44,9,125
50,quam pharetra,2003,89,13.80,4500.00,708.54,8,190
51,aliquet,1986,79,14.50,12000.00,7417.91,5,180
52,ipsum,1993,89,15.50,750.00,4830.73,25,7
53,odio condimentum,1997,100,11.10,12000.00,6909.52,22,231
54,curae,1986,63,6.00,4500.00,8849.54,26,29
55,accumsan,1986,20,14.10,375.00,3625.26,3,79
56,porttitor pede,2002,39,8.60,12000.00,7506.65,2,169
57,primis in,1992,81,12.20,375.00,9546.03,25,60
58,tortor id,2000,8,10.70,9000.00,8400.44,10,220
59,nullam orci,2008,25,12.60,750.00,8794.81,11,178
60,condimentum neque,1998,16,5.70,12000.00,8714.90,14,113
61,posuere cubilia,1994,94,11.90,750.00,9793.93,21,11
62,justo,2007,72,6.80,750.00,8275.00,25,24
63,ac,1981,54,15.20,12000.00,7121.27,3,260
64,id ornare,2017,17,13.10,1500.00,6739.23,24,99
65,mattis,2004,80,13.80,12000.00,8237.74,10,93
66,nullam orci,2012,56,8.30,750.00,4610.31,10,25
67,pede,1994,31,7.50,750.00,1140.34,4,107
68,duis bibendum,2007,41,10.40,9000.00,4721.25,5,76
69,at nunc,2000,71,9.60,187.50,4385.96,26,180
70,ipsum,2015,25,13.20,9000.00,3803.89,4,195
71,volutpat,2009,74,11.30,12000.00,9840.10,8,188
72,interdum,2018,92,13.40,15000.00,8067.79,2,128
73,montes nascetur,1998,31,6.00,9000.00,461.21,21,72
74,maecenas tincidunt,2008,12,12.10,750.00,1387.98,22,28
75,montes,2006,99,6.10,750.00,8581.02,25,158
76,non,1992,48,12.30,9000.00,5121.21,21,116
77,purus,2013,99,12.90,187.50,7603.18,2,244
78,vivamus tortor,1986,80,7.50,15000.00,3538.57,9,97
79,ultrices posuere,1988,44,10.50,375.00,1839.19,4,216
80,non sodales,2017,58,6.80,750.00,5801.34,14,182
81,id turpis,1989,88,14.70,187.50,1101.55,10,109
82,lobortis,1983,62,8.00,3000.00,3190.60,18,232
83,mauris ullamcorper,2012,11,6.30,6000.00,6098.48,18,134
84,nascetur,1991,72,9.00,15000.00,2595.76,22,66
85,tincidunt,2002,6,8.90,9000.00,7372.82,2,181
86,in quam,1996,37,13.60,1000.00,2886.26,6,139
87,a,1984,82,11.50,187.50,7565.94,14,103
88,sit amet,1995,22,15.10,187.50,7329.89,25,38
89,dignissim vestibulum,2016,46,7.30,9000.00,755.00,4,205
90,fusce posuere,2004,65,10.80,3000.00,329.74,10,130
91,tortor sollicitudin,1993,12,6.00,15000.00,2099.26,8,24
92,fermentum donec,1996,89,5.70,12000.00,115.64,10,257
93,convallis,2007,33,6.40,4500.00,3181.00,21,168
94,morbi,2003,41,7.50,750.00,528.69,12,182
95,venenatis,1984,99,14.70,375.00,9605.13,15,132
96,elementum,2007,64,6.10,750.00,5407.34,11,192
97,elementum eu,2013,50,13.40,187.50,7971.37,9,18
98,cubilia curae,1986,66,10.20,4500.00,1231.29,21,2
99,vestibulum eget,2009,94,10.40,6000.00,845.64,5,238
100,eros,2003,90,11.90,6000.00,2385.13,14,161
101,id,1996,72,6.10,9000.00,539.73,19,12
102,felis,1982,44,15.20,3000.00,4127.32,10,138
103,lorem,1983,88,9.90,4500.00,5541.35,5,150
104,ligula in,1981,29,6.00,15000.00,1337.43,7,226
105,vel,2007,54,10.50,1000.00,8562.61,4,26
106,nunc,2002,75,10.60,1000.00,5762.02,7,257
107,ultricies eu,1985,82,13.60,1000.00,2448.86,12,58
108,nec condimentum,1995,40,14.70,187.50,2303.46,24,6
109,amet,2017,81,6.00,750.00,3013.33,22,250
110,justo sit,1986,76,6.50,6000.00,5421.57,14,112
111,habitasse,1996,56,6.00,750.00,4296.50,16,252
112,duis bibendum,2001,59,8.80,6000.00,2465.18,26,58
113,vitae nisi,2005,34,10.00,1500.00,4193.87,12,54
114,ipsum integer,2005,100,13.60,375.00,6489.19,5,12
115,eget eros,2003,20,13.30,12000.00,5127.28,25,6
116,a feugiat,1980,96,8.70,1500.00,4256.00,23,55
117,turpis a,2011,85,8.00,4500.00,3540.77,15,202
118,odio,1980,83,8.50,750.00,9092.86,16,225
119,congue,1984,58,9.40,15000.00,47.80,1,151
120,ut mauris,1982,55,8.60,6000.00,653.34,5,218
121,id,2010,96,12.50,15000.00,8484.85,1,247
122,nec euismod,2012,14,12.60,1500.00,7922.50,19,70
123,massa,1989,71,5.90,6000.00,703.17,9,97
124,nulla ultrices,2018,82,13.80,1000.00,6756.23,18,39
125,volutpat erat,1993,32,11.40,6000.00,4621.62,18,100
126,ut,1998,77,9.20,1500.00,3721.03,3,244
127,faucibus,1996,37,9.00,6000.00,7206.84,2,92
128,nisl ut,1996,46,12.90,6000.00,1865.16,9,60
129,amet,1984,72,12.30,1000.00,8108.31,11,187
130,ac,2017,58,11.10,1000.00,6957.66,1,37
131,vivamus,1995,100,12.00,4500.00,558.42,21,216
132,ullamcorper purus,2018,11,14.20,4500.00,2561.92,13,199
133,amet erat,1994,75,14.90,750.00,4138.24,16,61
134,ultrices,1993,22,7.70,750.00,8463.87,3,219
135,a nibh,1981,7,14.00,4500.00,1711.19,13,152
136,ipsum,1992,43,11.00,1500.00,7155.00,20,35
137,augue,2003,54,8.40,9000.00,1865.49,17,144
138,massa tempor,1998,90,8.00,15000.00,7003.25,5,250
139,vestibulum,1994,38,7.20,3000.00,4830.48,22,251
140,suspendisse ornare,1989,93,13.30,187.50,5068.24,15,211
141,metus arcu,1981,2,10.90,187.50,3337.58,24,23
142,at dolor,1988,19,10.40,4500.00,5935.95,23,201
143,a,1980,19,8.30,187.50,2088.97,16,218
144,ac consequat,1993,70,7.20,750.00,3114.64,12,52
145,placerat praesent,2008,21,8.20,750.00,196.15,23,110
146,duis faucibus,2005,52,6.10,15000.00,4648.24,25,140
147,nisl,2011,19,6.20,1000.00,4262.19,12,89
148,consectetuer,1996,58,15.40,15000.00,9638.90,12,205
149,orci,1992,65,13.60,9000.00,7776.47,22,260
150,arcu libero,2008,36,5.70,1500.00,8120.74,5,4
151,nec,2016,49,11.70,1000.00,5160.91,2,33
152,non quam,2010,69,7.80,9000.00,3215.95,6,139
153,id,2011,27,12.20,187.50,961.57,11,167
154,in sapien,2016,62,6.20,1000.00,5328.79,10,36
155,augue vel,2004,72,14.60,3000.00,9454.60,6,12
156,ut,1982,92,7.00,187.50,7410.23,12,153
157,porttitor,1984,55,13.90,4500.00,5283.04,6,1
158,vel,1983,63,9.60,750.00,1404.27,19,112
159,nullam orci,2011,49,7.50,750.00,7558.61,12,246
160,eu orci,1989,19,6.80,6000.00,2946.63,26,207
161,adipiscing,1990,6,9.50,375.00,7557.90,23,139
162,amet,2002,48,11.30,15000.00,7519.32,12,229
163,consequat,2005,79,8.70,187.50,2660.57,19,103
164,ut massa,2006,68,12.00,12000.00,3439.45,1,231
165,cum,1995,64,9.80,12000.00,8566.38,2,117
166,at feugiat,2007,79,9.80,1500.00,8069.13,22,187
167,mi in,1984,72,5.70,6000.00,4072.69,22,165
168,suspendisse,2007,25,9.40,12000.00,3466.41,2,126
169,est,2000,56,6.40,1000.00,9285.95,18,173
170,posuere cubilia,2007,53,13.70,15000.00,1426.04,14,236
171,rutrum,2018,44,6.90,3000.00,3638.73,9,201
172,orci,1997,28,13.60,3000.00,1902.84,19,66
173,tellus,2013,94,9.60,15000.00,1524.17,8,13
174,tristique,2001,37,14.30,3000.00,1600.79,17,182
175,ultrices enim,2018,84,9.50,12000.00,3246.06,20,260
176,lobortis,1996,25,10.00,9000.00,3987.29,25,4
177,convallis duis,2011,8,13.90,6000.00,3681.83,1,133
178,non,1988,98,9.10,375.00,405.98,15,246
179,in faucibus,2012,93,10.40,6000.00,9514.22,6,63
180,libero quis,1996,62,7.90,750.00,5442.09,15,35
181,lobortis ligula,1982,63,7.60,750.00,1314.19,20,258
182,integer a,1983,53,5.80,3000.00,7971.56,23,145
183,nulla sed,2009,10,10.20,12000.00,6531.21,24,133
184,quis libero,1998,4,14.70,1500.00,9063.19,24,260
185,ac,1990,16,8.00,750.00,7580.19,12,56
186,faucibus orci,2005,22,12.10,15000.00,2854.69,8,95
187,erat id,1983,52,8.30,15000.00,8376.73,21,254
188,iaculis diam,1983,13,14.20,187.50,7470.98,5,131
189,elementum,2018,38,8.40,3000.00,1700.51,19,84
190,etiam,2015,75,13.20,750.00,4385.89,21,253
191,laoreet,2009,74,12.00,6000.00,9292.52,23,143
192,dignissim,2004,65,8.60,15000.00,2302.29,23,250
193,semper interdum,1985,77,15.30,1000.00,5638.22,24,90
194,interdum mauris,2002,39,6.20,750.00,893.13,14,44
195,sit amet,2014,38,9.80,9000.00,6381.54,3,234
196,enim leo,2018,76,14.80,1500.00,406.01,4,217
197,quisque,1985,62,10.70,9000.00,411.44,8,101
198,curae,1985,1,9.60,9000.00,7126.99,21,3
199,potenti,2011,100,15.00,1500.00,7923.35,21,231
200,blandit mi,1997,27,10.60,187.50,8154.37,11,46
201,interdum,1981,48,15.30,1000.00,2233.51,19,212
202,libero,2008,53,12.40,750.00,4920.36,3,60
203,faucibus,1999,95,11.50,1000.00,4384.15,13,193
204,integer,1994,76,8.60,1000.00,355.88,23,6
205,accumsan,2015,2,8.20,750.00,3536.11,2,101
206,justo sollicitudin,1984,86,9.80,15000.00,9326.96,4,95
207,ac nibh,2005,96,12.90,9000.00,5164.35,13,11
208,amet diam,1980,73,13.90,15000.00,2474.39,17,192
209,luctus cum,2013,95,8.80,375.00,4143.02,4,205
210,integer a,1988,21,6.60,9000.00,9956.02,26,188
211,lectus,1988,58,5.80,9000.00,7388.85,22,50
212,aliquet at,2012,6,13.10,1500.00,8390.22,4,80
213,eu,2004,6,9.90,750.00,265.50,13,244
214,vehicula condimentum,2008,28,5.50,750.00,1434.40,5,39
215,sem,1985,78,13.30,375.00,4051.51,3,235
216,vel accumsan,1990,1,7.50,4500.00,5207.76,20,246
217,odio,1985,22,7.40,3000.00,2016.34,20,113
218,quis,1985,72,11.20,15000.00,8560.87,7,84
219,turpis,1991,37,9.10,12000.00,6990.83,2,34
220,pellentesque viverra,1993,88,8.90,9000.00,5276.99,25,111
221,dui,2012,45,11.40,1000.00,7306.85,14,47
222,quam,1995,46,9.00,187.50,368.18,26,204
223,aenean,1999,18,7.90,375.00,583.08,5,38
224,maecenas,1986,63,7.40,15000.00,1783.45,25,96
225,nunc proin,1988,19,13.90,6000.00,5396.81,11,179
226,ac est,2007,6,9.10,187.50,7158.67,24,242
227,velit,1993,7,15.50,1000.00,1957.02,16,151
228,pede,1988,39,14.00,9000.00,8665.90,21,157
229,nisi,1986,83,7.40,375.00,8775.02,19,39
230,vel accumsan,1997,53,11.70,9000.00,1161.08,18,112
231,amet sapien,1983,61,5.60,1500.00,6822.55,24,64
232,odio odio,2016,10,6.40,1000.00,9116.53,10,201
233,facilisi,2000,40,12.70,187.50,1594.76,19,109
234,lacus morbi,1980,96,5.90,12000.00,3716.24,19,63
235,eros,2008,86,9.70,6000.00,2822.91,15,137
236,id pretium,1997,35,13.40,1500.00,4986.18,8,220
237,velit,1991,36,5.90,750.00,8453.39,13,244
238,vulputate,1989,44,8.60,6000.00,65.63,20,5
239,porttitor,2009,82,13.40,12000.00,4634.83,18,198
240,consequat,1996,100,5.50,4500.00,9023.31,20,6
241,fermentum donec,2004,66,14.40,15000.00,9985.65,2,195
242,iaculis,1988,19,7.10,187.50,1755.68,19,178
243,convallis,2002,49,13.70,9000.00,1380.39,3,166
244,risus,2016,88,10.40,1500.00,5069.34,3,192
245,ac,1988,53,8.70,187.50,8055.15,12,182
246,duis faucibus,1999,56,7.30,9000.00,6242.68,26,77
247,eleifend donec,1998,62,7.10,12000.00,2500.68,4,1
248,morbi,1989,46,12.90,15000.00,6723.41,23,135
249,vestibulum sagittis,2004,25,5.50,9000.00,5173.65,24,175
250,lacinia eget,2015,47,14.30,750.00,3699.00,17,116
251,ac,2000,4,7.50,6000.00,4210.28,8,255
252,magnis dis,2003,4,13.00,375.00,8927.22,17,120
253,lorem quisque,2018,19,15.50,1500.00,4503.56,10,17
254,id massa,2007,5,13.20,1500.00,6836.74,5,66
255,habitasse platea,1985,47,12.00,1500.00,2528.49,18,139
256,amet eros,2011,12,15.10,12000.00,8656.99,11,210
257,potenti cras,2012,73,12.30,15000.00,6923.71,18,146
258,odio porttitor,2004,95,10.70,1500.00,7739.77,1,179
259,cursus urna,1997,74,13.10,3000.00,4041.47,6,203
260,faucibus accumsan,1992,32,8.00,187.50,40.13,19,161
261,ante ipsum,2008,75,7.30,750.00,2493.66,3,62
262,justo,1987,46,5.80,187.50,3182.14,20,115
263,turpis,1987,62,10.40,9000.00,5814.79,23,135
264,placerat,2004,91,14.60,187.50,3471.49,19,214
265,sem,2014,69,14.50,12000.00,6545.32,21,131
266,dictumst,2000,22,7.90,9000.00,7721.86,10,79
267,a,2009,27,8.70,1000.00,5816.85,4,136
268,non,1982,56,8.60,750.00,7105.28,12,68
269,duis,1999,28,13.50,187.50,2043.65,21,190
270,quis,1996,16,8.70,9000.00,7484.64,21,164
271,ante vel,1981,84,7.10,1000.00,2213.30,4,79
272,faucibus,1981,12,7.40,1000.00,6394.37,9,112
273,cursus,2013,16,14.60,750.00,1540.08,8,119
274,vestibulum ante,1999,64,11.30,9000.00,8682.83,9,211
275,nisi,1987,32,12.80,750.00,2027.77,20,95
276,justo pellentesque,2009,87,5.50,750.00,3012.12,18,162
277,et ultrices,1994,93,13.10,187.50,4747.98,20,56
278,orci mauris,2008,56,7.80,1000.00,144.74,25,176
279,luctus cum,1986,48,8.00,4500.00,9301.70,8,134
280,vitae mattis,2013,80,7.20,3000.00,9305.21,5,100
281,etiam,2013,56,10.70,375.00,6862.56,7,113
282,nunc,1986,86,7.10,9000.00,1920.99,21,121
283,sed,1998,21,13.20,3000.00,7575.04,12,100
284,nulla,1981,47,12.00,187.50,5447.87,22,111
285,posuere cubilia,1987,74,6.40,375.00,3525.50,11,17
286,at turpis,1983,35,9.00,187.50,4804.23,26,189
287,pede justo,1995,12,14.90,750.00,7448.56,16,243
288,natoque,2013,20,6.10,12000.00,9700.90,23,86
289,nulla ut,1989,84,12.00,9000.00,4423.04,23,9
290,feugiat,1981,89,8.90,375.00,5196.33,19,139
291,ut dolor,1985,84,13.80,187.50,5489.94,13,78
292,venenatis,1999,73,15.00,1500.00,615.44,14,64
293,amet nulla,2011,88,7.00,3000.00,7469.76,23,218
294,habitasse platea,2003,7,7.50,375.00,7169.21,24,118
295,diam,2001,15,13.20,15000.00,3763.59,13,65
296,ultricies eu,1986,15,15.50,1000.00,2606.54,15,70
297,sem fusce,1998,75,11.30,12000.00,1341.55,23,7
298,elementum,2018,10,10.60,9000.00,549.69,18,183
299,rutrum nulla,2007,45,14.90,750.00,1848.89,16,239
300,id nulla,2017,8,13.80,4500.00,6298.89,7,222
301,lorem integer,2000,56,8.70,187.50,3874.01,22,147
302,tortor quis,1996,36,12.80,750.00,6993.17,24,229
303,amet sapien,1996,42,14.20,6000.00,370.65,1,157
304,eget,2010,25,7.80,1500.00,1997.68,14,106
305,turpis nec,2001,45,5.70,6000.00,2685.18,8,246
306,amet,1980,85,9.60,375.00,8691.43,9,207
307,tortor quis,1985,53,6.90,12000.00,7069.90,3,168
308,suscipit,1997,87,8.20,4500.00,2061.55,17,5
309,id ligula,1981,58,8.80,3000.00,7306.04,8,256
310,suscipit,2015,8,6.40,1000.00,8604.45,7,150
311,eu mi,1988,72,13.30,6000.00,2499.88,24,25
312,pretium nisl,2003,49,11.40,187.50,4597.48,3,42
313,consequat dui,2006,13,9.30,1500.00,8174.45,2,35
314,odio in,2016,70,9.00,15000.00,114.95,24,77
315,pulvinar,2009,44,13.20,12000.00,1188.42,7,70
316,diam nam,1985,19,14.20,12000.00,472.69,20,217
317,lacus,1980,95,14.30,4500.00,5969.24,4,52
318,tempus,1998,4,7.20,1500.00,9042.99,16,221
319,ridiculus mus,1984,35,12.50,750.00,5956.46,9,9
320,quis,1990,70,11.50,187.50,2050.54,3,59
321,orci,2018,0,7.00,9000.00,5289.27,13,118
322,cursus,1994,96,10.20,15000.00,9512.67,19,172
323,phasellus,2012,79,14.50,6000.00,4177.50,22,67
324,aenean fermentum,1993,19,14.20,12000.00,1464.91,19,254
325,dolor vel,1986,49,9.60,375.00,4593.48,26,206
326,faucibus,2016,44,14.90,3000.00,5346.02,23,257
327,varius,2013,4,10.20,3000.00,9454.58,5,232
328,ultrices libero,2015,100,11.90,1000.00,9904.37,10,37
329,magna,2008,2,8.20,3000.00,3870.78,10,206
330,eu sapien,1998,98,10.40,187.50,9396.24,24,84
331,lacus morbi,1981,37,14.10,9000.00,9152.13,13,97
332,congue,2006,38,9.10,750.00,8213.41,3,127
333,lacinia,2015,45,11.50,187.50,5948.00,25,147
334,a libero,1985,73,12.50,12000.00,9151.40,11,231
335,vel,2004,22,7.10,1000.00,362.75,20,11
336,volutpat convallis,2005,8,11.60,187.50,5938.59,23,56
337,rutrum nulla,2006,1,11.90,9000.00,1467.80,14,222
338,neque,1996,50,15.00,1000.00,9732.76,4,127
339,convallis duis,2001,90,6.70,6000.00,7928.28,19,165
340,amet,1993,78,8.20,1500.00,4848.19,18,75
341,quam,2011,22,13.20,12000.00,390.79,20,113
342,est,2006,22,12.20,4500.00,4019.76,20,33
343,mattis,2018,98,13.90,15000.00,815.83,12,172
344,vel augue,1992,89,7.10,12000.00,1767.26,1,78
345,sit,2011,49,6.30,12000.00,5924.42,13,99
346,condimentum,1998,45,7.20,750.00,1905.63,21,138
347,sociis,2010,87,12.90,15000.00,8951.92,21,62
348,duis bibendum,2008,77,6.80,375.00,7262.76,20,198
349,vestibulum,1997,33,11.90,4500.00,9398.12,15,5
350,vitae nisi,2001,70,8.20,9000.00,4517.78,26,31
351,eget vulputate,2017,86,12.80,3000.00,7637.02,19,134
352,vel,2006,100,12.60,9000.00,5817.83,11,70
353,erat volutpat,2003,66,12.60,4500.00,6130.15,1,134
354,nullam,2018,18,10.60,1500.00,8739.05,6,128
355,placerat praesent,1995,2,7.30,12000.00,1654.46,20,27
356,sit amet,1998,77,10.10,1000.00,6179.14,23,55
357,donec,1995,17,6.70,1500.00,9441.87,8,252
358,pede justo,1995,82,7.80,1000.00,4993.82,9,231
359,enim,1992,97,6.50,6000.00,5233.82,13,261
360,vestibulum ante,1987,21,8.60,187.50,824.37,13,82
361,ac lobortis,2005,43,7.90,3000.00,634.23,24,15
362,consectetuer adipiscing,1985,47,15.00,3000.00,1743.88,23,182
363,platea,1991,13,11.00,4500.00,3316.51,2,104
364,ullamcorper,2014,71,9.00,15000.00,1099.42,10,116
365,massa tempor,2000,89,9.30,375.00,8887.25,26,11
366,pharetra magna,1984,81,10.20,4500.00,9479.76,16,248
367,eget,1999,18,6.40,6000.00,351.80,25,200
368,in leo,1981,52,7.60,1500.00,9806.79,25,172
369,quisque,2017,55,14.90,1500.00,9149.14,25,214
370,aliquet ultrices,1984,28,13.10,15000.00,9252.70,25,209
371,tristique tortor,1991,84,12.30,1500.00,5289.50,25,252
372,in ante,1993,47,7.50,12000.00,311.29,9,237
373,pede,1997,49,14.40,375.00,356.61,26,202
374,eu,2015,67,14.30,1000.00,3792.35,24,11
375,ultrices,1991,74,11.40,15000.00,2039.39,4,72
376,augue,1999,10,11.90,9000.00,8177.86,1,66
377,eu,1982,98,15.50,750.00,3366.62,7,123
378,dui,1992,16,6.40,4500.00,4955.10,10,222
379,sagittis,1990,27,9.50,375.00,3937.08,15,172
380,interdum,1993,13,14.40,375.00,2748.75,23,54
381,nunc proin,2000,84,6.80,12000.00,7981.54,13,128
382,ridiculus mus,2001,56,13.40,15000.00,3308.19,12,102
383,at,2003,37,13.70,4500.00,8726.21,9,20
384,mattis,1987,66,12.10,750.00,5435.24,19,110
385,quis orci,1985,32,5.90,4500.00,2945.18,24,252
386,ultrices,2000,39,6.30,375.00,3124.69,8,82
387,posuere nonummy,2005,39,7.30,4500.00,1732.97,12,216
388,convallis,1999,2,10.50,9000.00,526.48,9,171
389,orci,1993,50,12.80,12000.00,2708.34,26,7
390,tellus,2000,31,11.70,375.00,4558.85,2,199
391,habitasse platea,1987,43,6.40,3000.00,6918.92,17,107
392,id,1987,94,10.00,12000.00,6258.59,18,3
393,massa tempor,1998,21,9.60,1500.00,6128.22,12,141
394,iaculis justo,1986,43,9.90,375.00,3241.17,11,37
395,suspendisse ornare,2000,4,7.10,3000.00,379.43,25,147
396,nascetur ridiculus,1984,52,8.40,12000.00,3095.63,13,44
397,eget,2000,50,15.40,6000.00,9125.98,19,212
398,odio porttitor,1990,53,12.90,3000.00,7180.17,2,91
399,justo,1986,47,5.60,15000.00,7353.44,14,3
400,pede,2000,26,7.00,375.00,7653.36,25,111
401,cras mi,2017,83,8.60,15000.00,7729.53,22,151
402,ut mauris,2013,58,15.10,750.00,5166.92,6,164
403,sed,1981,27,10.50,750.00,1747.07,24,245
404,amet,1997,27,7.90,1000.00,8214.37,8,101
405,vestibulum,1981,76,8.60,1500.00,8110.18,3,100
406,ut suscipit,2010,97,9.00,15000.00,2138.36,25,194
407,varius,2014,83,12.60,1500.00,8843.70,25,163
408,lectus pellentesque,2018,83,12.70,750.00,1374.59,21,221
409,venenatis turpis,1994,99,11.20,1500.00,9424.94,16,12
410,suspendisse,1999,94,14.20,15000.00,8644.61,10,233
411,in,2008,60,8.30,375.00,8306.88,15,33
412,eleifend luctus,2009,53,8.80,375.00,1108.29,12,142
413,ultrices,2011,20,15.00,1000.00,2570.72,3,119
414,pharetra magna,2015,41,5.50,9000.00,9961.78,13,207
415,at nulla,1985,71,13.20,750.00,2623.13,9,80
416,cras,2006,7,13.90,375.00,3729.23,2,178
417,mi,2010,96,12.80,4500.00,4985.59,20,90
418,elementum,2009,94,12.40,1000.00,8563.96,3,115
419,purus phasellus,1983,94,7.70,15000.00,2645.99,11,142
420,justo morbi,1992,77,10.70,6000.00,7524.69,9,217
421,nulla elit,2007,80,6.70,4500.00,8494.79,7,173
422,ac,1984,45,6.50,1000.00,4238.89,5,215
423,quam sapien,1990,63,15.40,15000.00,1398.74,21,215
424,ipsum,1994,39,10.60,750.00,5104.94,11,204
425,proin,1997,81,13.90,1500.00,592.35,12,143
426,in faucibus,2014,41,13.90,15000.00,2225.99,22,93
427,integer pede,2015,58,11.50,12000.00,9929.63,13,211
428,nulla,2004,24,12.10,375.00,4635.89,13,92
429,consequat dui,1996,77,9.70,1500.00,8960.00,4,18
430,ut,2007,68,9.80,9000.00,8481.98,26,128
431,maecenas rhoncus,2007,48,6.10,15000.00,7669.50,12,191
432,ultrices,1985,49,7.40,12000.00,3679.53,21,179
433,in,1996,37,9.20,187.50,9181.24,16,188
434,semper rutrum,1988,38,8.40,4500.00,2727.69,19,21
435,vehicula condimentum,2012,64,14.70,187.50,2196.58,2,227
436,ullamcorper,1983,91,13.70,750.00,2843.94,17,248
437,luctus,2014,85,12.20,187.50,8299.96,7,236
438,nibh quisque,2015,76,15.20,15000.00,1217.32,10,47
439,pellentesque eget,1997,37,13.90,12000.00,9220.28,21,195
440,faucibus orci,2000,21,15.40,1000.00,9333.03,9,259
441,ut,2006,24,12.80,6000.00,1100.52,26,167
442,eget rutrum,1989,16,10.30,4500.00,2382.69,11,261
443,dapibus,1999,90,12.10,6000.00,6119.75,13,145
444,elit,1987,75,9.10,1000.00,7728.26,6,51
445,sodales,2005,61,10.30,1000.00,4905.29,7,173
446,lobortis convallis,1998,51,6.00,9000.00,5031.27,1,13
447,diam vitae,2018,26,8.90,375.00,7571.00,19,251
448,iaculis congue,1982,65,7.20,3000.00,160.62,15,187
449,est,1994,45,11.40,375.00,5938.35,15,227
450,tortor sollicitudin,2017,28,7.00,375.00,7391.04,20,183
451,ut,2001,60,11.80,6000.00,9234.92,8,122
452,fusce posuere,2014,61,14.90,4500.00,1558.07,2,175
453,id,2004,85,10.80,12000.00,5256.27,21,50
454,pharetra magna,2012,47,14.40,12000.00,5989.19,1,2
455,nonummy integer,1984,5,15.30,187.50,3688.35,14,126
456,ullamcorper,2006,9,9.20,15000.00,7164.73,20,61
457,pellentesque,1988,86,10.90,750.00,4436.06,19,248
458,eget vulputate,2007,37,14.60,3000.00,3678.20,12,6
459,quisque ut,1980,7,7.10,1500.00,4622.65,15,183
460,mauris,1997,25,10.80,1000.00,9908.39,21,101
461,sapien,1981,51,15.40,375.00,8845.75,17,116
462,orci,1993,16,9.30,1000.00,3796.63,14,99
463,mauris eget,2002,21,5.70,187.50,533.19,24,78
464,risus auctor,1985,21,8.30,3000.00,3767.07,11,69
465,congue eget,2002,4,7.70,12000.00,6467.68,13,111
466,platea,1998,30,8.90,12000.00,3957.22,6,158
467,vel,1985,2,8.60,3000.00,7475.91,1,2
468,sit amet,2009,21,7.10,12000.00,6656.83,2,177
469,semper est,2013,74,6.70,4500.00,7264.94,14,22
470,nulla sed,1994,61,5.70,12000.00,7948.00,10,224
471,tincidunt,2012,27,13.90,9000.00,9378.64,6,59
472,tempor,2005,65,13.10,375.00,3407.82,15,28
473,neque,1998,83,12.60,375.00,2164.59,19,246
474,neque duis,1999,26,14.40,6000.00,3269.67,16,20
475,risus,1997,47,12.90,1500.00,3228.30,21,138
476,non,1982,6,13.60,9000.00,1703.36,24,28
477,erat,2006,95,7.10,6000.00,6261.23,12,57
478,ut,1999,5,12.80,15000.00,7086.43,20,101
479,sit,2001,40,14.30,750.00,4563.28,9,112
480,commodo vulputate,1998,59,10.90,9000.00,8686.92,1,33
481,posuere,2018,83,5.50,3000.00,5926.48,11,217
482,ut,2016,45,5.70,6000.00,3536.04,14,140
483,eleifend,1986,90,10.20,750.00,1041.79,19,141
484,ultrices vel,2016,96,15.10,15000.00,1600.08,3,40
485,non mi,2012,36,12.20,1000.00,4974.73,25,174
486,rhoncus aliquet,1991,67,12.70,12000.00,9203.13,1,179
487,nisl,1984,91,5.80,750.00,6783.37,20,49
488,ut,2010,19,7.30,15000.00,876.12,1,64
489,mi,2003,45,13.10,4500.00,4621.75,21,155
490,non,2018,91,9.50,375.00,2009.93,22,201
491,non quam,1987,6,11.10,187.50,5014.88,22,108
492,mauris,2017,2,15.20,1500.00,8191.82,17,212
493,consequat morbi,2015,47,11.50,1000.00,5573.46,2,131
494,mattis,1996,69,6.00,375.00,2938.65,1,162
495,at ipsum,1991,15,7.50,6000.00,9630.76,20,64
496,leo odio,1984,91,8.20,4500.00,954.39,17,51
497,vel,2009,96,14.10,1500.00,6485.77,21,109
498,in felis,2013,73,8.10,750.00,115.04,7,173
499,accumsan tellus,2015,83,7.50,15000.00,5079.96,14,4
500,accumsan tellus,1992,36,12.90,4500.00,9936.14,15,96
501,maecenas,2001,82,15.20,15000.00,5617.12,18,210
502,blandit,2004,95,6.90,187.50,5242.36,12,217
503,scelerisque,1992,83,8.90,6000.00,1937.33,11,162
504,sociis natoque,2004,89,10.70,187.50,6512.32,5,235
505,faucibus orci,2015,96,5.50,375.00,6533.19,3,59
506,vivamus,2008,92,9.40,4500.00,7701.37,13,33
507,magna,2008,46,5.80,9000.00,7234.30,24,77
508,nec,1994,78,12.30,3000.00,8552.25,26,189
509,vitae ipsum,1995,22,15.00,9000.00,6605.49,20,2
510,morbi,1982,52,9.00,15000.00,7699.52,22,5
511,ut nunc,2011,67,14.60,4500.00,3206.89,12,51
512,id luctus,1984,63,14.10,4500.00,4236.41,1,142
513,quis orci,1987,67,10.10,375.00,2072.82,19,24
514,sit amet,1989,34,12.60,1000.00,9789.49,4,122
515,nisi eu,2017,88,7.00,1000.00,4802.60,5,36
516,ultrices,1983,46,12.40,9000.00,7602.93,20,246
517,in libero,1983,82,14.40,12000.00,114.03,15,183
518,habitasse,1999,38,14.10,6000.00,2815.44,8,123
519,sed sagittis,2005,52,6.20,12000.00,4446.91,3,108
520,luctus et,2008,23,15.50,4500.00,1894.20,13,226
521,nulla,1993,74,13.90,1000.00,6416.60,21,14
522,duis,1989,27,14.30,12000.00,3988.47,2,231
523,nec,2007,79,12.50,15000.00,465.11,12,182
524,vulputate justo,2006,49,7.30,1500.00,8569.99,3,198
525,sapien,2014,99,14.20,3000.00,8886.36,24,16
526,quis justo,1986,58,13.60,3000.00,7680.18,2,55
527,rutrum rutrum,1989,31,14.20,12000.00,7738.61,16,175
528,ac,2004,66,7.90,9000.00,2917.58,4,20
529,faucibus orci,2003,87,9.30,12000.00,2009.16,11,106
530,aliquet at,1986,89,9.40,9000.00,9973.83,6,40
531,turpis elementum,1984,77,14.50,750.00,5136.50,5,122
532,vestibulum,2007,95,8.80,15000.00,4061.69,7,220
533,dapibus,1999,61,14.90,12000.00,1915.13,15,228
534,etiam faucibus,1990,48,9.00,4500.00,6307.71,1,19
535,hendrerit at,2004,10,12.80,1500.00,3784.17,13,104
536,nibh,1993,100,11.10,187.50,8458.73,4,227
537,nisl duis,1981,51,12.80,12000.00,3912.12,13,231
538,pede,1980,21,9.20,187.50,209.84,23,102
539,leo maecenas,1985,75,9.80,9000.00,4945.15,6,1
540,justo eu,1990,18,14.40,4500.00,1214.33,4,214
541,nec euismod,2017,75,13.70,750.00,5048.62,20,117
542,amet diam,1992,41,11.30,12000.00,1308.87,26,205
543,sem fusce,2005,40,10.10,1000.00,8733.91,17,42
544,ut mauris,2006,30,6.10,6000.00,4191.46,19,101
545,tristique tortor,1983,66,10.40,375.00,8603.63,24,194
546,luctus cum,1987,98,10.50,15000.00,6668.85,7,86
547,potenti,1980,18,7.50,3000.00,6442.89,24,113
548,amet turpis,2009,88,9.40,375.00,3802.19,13,205
549,congue diam,1994,88,7.90,750.00,4603.00,11,2
550,ipsum primis,2003,96,7.80,1000.00,9690.91,11,142
551,ipsum,1986,25,14.40,12000.00,7052.44,18,24
552,amet diam,1988,88,6.30,750.00,9934.78,24,89
553,nec nisi,2007,62,13.70,3000.00,5108.21,7,111
554,adipiscing molestie,2009,40,15.20,4500.00,9734.45,7,12
555,lorem,2010,37,5.90,1000.00,859.82,26,169
556,leo odio,2001,58,10.50,187.50,6494.22,1,187
557,volutpat eleifend,1992,70,15.10,1500.00,3356.21,11,58
558,justo,1981,4,8.10,1000.00,2341.55,15,62
559,interdum,1980,99,14.20,12000.00,8512.06,21,165
560,sociis,2007,31,6.80,187.50,4216.36,7,87
561,blandit,1997,11,15.30,1500.00,2832.86,9,24
562,luctus et,2013,16,8.70,1500.00,8558.91,1,120
563,sed,2007,56,13.50,375.00,3350.88,6,2
564,potenti cras,2014,22,9.60,1500.00,5480.49,2,105
565,aliquet,2015,79,12.00,4500.00,9168.26,3,124
566,nulla eget,2012,12,8.50,9000.00,5815.54,4,151
567,in sapien,1990,43,13.60,6000.00,6235.32,1,16
568,donec ut,1997,35,12.70,1000.00,6788.77,4,251
569,congue risus,1993,86,9.00,9000.00,276.75,23,16
570,a feugiat,2007,81,14.40,187.50,4368.73,7,164
571,lobortis sapien,1987,43,11.80,1500.00,3156.92,15,96
572,at turpis,2009,74,10.90,4500.00,6053.69,6,79
573,nibh ligula,1991,1,14.80,3000.00,6479.52,24,67
574,ipsum,2007,41,14.40,12000.00,4417.33,4,61
575,lacus morbi,2010,52,7.50,9000.00,5385.57,14,230
576,eget rutrum,2018,11,7.60,4500.00,873.34,1,177
577,aliquam,1981,79,14.60,750.00,5870.76,8,71
578,nulla elit,1989,32,11.60,750.00,4079.67,15,199
579,molestie nibh,2001,35,10.70,1000.00,1204.47,23,31
580,lobortis,1991,33,7.00,750.00,5027.84,8,178
581,mauris,1991,68,7.00,1000.00,8320.75,12,56
582,tempor,1987,17,8.10,187.50,430.92,11,33
583,lacus,1995,53,14.90,375.00,6163.28,25,50
584,sapien,2004,86,11.30,187.50,8707.41,2,259
585,ligula sit,1999,70,11.80,187.50,4306.07,20,12
586,lobortis sapien,1980,1,10.00,9000.00,2321.14,1,140
587,pede morbi,2011,97,5.60,6000.00,9503.32,8,130
588,porta volutpat,2017,13,9.50,6000.00,8707.45,22,99
589,faucibus orci,2002,27,12.10,1500.00,5010.32,16,19
590,justo maecenas,1980,29,10.90,15000.00,9080.91,6,81
591,porttitor,2012,60,12.70,3000.00,7948.76,7,202
592,nisi nam,2003,68,6.40,187.50,3893.61,8,23
593,in,2003,25,9.40,6000.00,6516.43,19,214
594,massa,2008,32,6.40,3000.00,7248.02,3,153
595,vivamus in,1990,64,6.30,12000.00,7055.31,12,2
596,vitae nisi,2005,28,14.80,6000.00,6731.76,2,175
597,sapien dignissim,2004,26,6.30,12000.00,4415.43,15,92
598,est,2005,84,8.50,15000.00,6129.11,16,72
599,vulputate,1990,38,8.30,1000.00,4820.30,26,6
600,in leo,1995,93,9.90,1500.00,5428.18,20,59
601,porta volutpat,1995,2,15.50,4500.00,1062.99,17,39
602,leo,2013,5,10.80,750.00,7312.88,8,75
603,primis,1986,31,6.10,750.00,172.67,2,101
604,nulla suscipit,2014,99,14.60,6000.00,6506.81,7,6
605,fermentum justo,2004,54,10.80,12000.00,4329.17,11,77
606,augue,1997,24,5.70,375.00,3859.37,17,255
607,eleifend donec,1990,56,11.80,15000.00,4869.91,8,226
608,sit amet,1996,24,10.00,3000.00,3897.86,18,151
609,lacinia aenean,1984,89,5.60,3000.00,3063.73,16,42
610,donec,1984,72,11.20,750.00,8714.29,25,9
611,rhoncus sed,2009,2,14.00,375.00,6106.15,15,233
612,nec,1984,34,6.20,750.00,9095.27,12,63
613,faucibus,2011,51,7.40,15000.00,483.49,15,25
614,risus,2001,3,14.80,12000.00,6037.99,7,152
615,diam,1986,10,10.90,4500.00,3623.72,8,175
616,tincidunt eu,2015,42,11.30,187.50,2542.63,23,254
617,lobortis,2008,7,12.60,6000.00,4939.58,12,43
618,nulla,1984,29,14.40,1500.00,1540.84,18,237
619,consequat in,2002,82,12.80,3000.00,6922.93,13,11
620,platea dictumst,1995,91,7.40,750.00,6463.42,4,107
621,tortor,1985,37,15.20,375.00,1130.08,23,167
622,accumsan tellus,1992,12,7.90,3000.00,3449.13,19,17
623,turpis,1984,70,15.20,9000.00,1000.17,21,256
624,vivamus,1988,90,8.60,187.50,6268.60,17,205
625,nullam porttitor,2007,76,8.80,15000.00,619.39,20,43
626,vitae consectetuer,2011,78,10.20,375.00,2006.84,12,59
627,sollicitudin vitae,1983,51,10.90,9000.00,8334.53,13,250
628,integer,2011,47,9.10,375.00,5141.67,21,113
629,placerat,1995,61,12.90,375.00,2446.16,21,81
630,venenatis,2013,53,11.80,6000.00,3386.42,14,175
631,eget orci,2008,93,11.90,12000.00,2067.03,20,95
632,pellentesque ultrices,2002,49,10.00,3000.00,8575.43,23,30
633,integer non,1986,75,15.10,1000.00,1894.75,18,33
634,volutpat erat,1991,67,6.60,15000.00,3185.14,9,39
635,elementum ligula,2000,39,9.70,187.50,2998.54,10,38
636,pede,2004,67,10.90,750.00,449.14,2,135
637,mauris morbi,1996,9,12.90,187.50,3031.33,6,229
638,nulla,2008,84,6.60,15000.00,3968.93,17,210
639,tempus,1992,54,10.40,15000.00,4773.08,23,220
640,in,1984,39,11.60,9000.00,1627.33,20,246
641,vulputate,2016,75,5.50,6000.00,320.56,18,125
642,quis odio,1985,52,13.70,187.50,4897.02,3,190
643,porttitor lorem,2004,28,6.90,1000.00,2033.71,3,225
644,nulla,2010,63,7.10,3000.00,5591.75,17,220
645,sapien quis,2009,28,5.50,187.50,3110.54,26,74
646,erat vestibulum,1987,36,14.70,4500.00,4764.44,21,107
647,primis,1987,82,14.40,187.50,4539.97,4,179
648,metus,2015,24,12.20,1000.00,2396.62,26,178
649,blandit nam,2004,23,13.70,750.00,9509.89,26,11
650,ut,2014,21,8.00,12000.00,9685.14,16,206
651,felis donec,1982,57,9.30,9000.00,2308.85,20,179
652,mauris,1997,48,8.00,15000.00,1180.31,16,256
653,justo,1982,87,13.40,15000.00,9487.55,22,170
654,dis parturient,2009,54,6.20,1000.00,5958.69,13,192
655,turpis,2002,84,11.40,4500.00,7419.61,6,213
656,lacus morbi,2007,12,5.60,1000.00,2950.41,15,21
657,molestie,1999,60,12.80,3000.00,1442.32,9,26
658,lobortis,1987,10,5.70,4500.00,176.79,17,77
659,sed,2018,41,8.40,1500.00,7637.33,1,255
660,enim,1993,82,7.30,750.00,3142.53,8,227
661,dapibus,1999,87,5.90,187.50,667.47,8,28
662,posuere felis,2005,45,8.40,1000.00,4224.81,4,260
663,magnis dis,2003,96,15.40,750.00,9606.76,7,92
664,pede,2001,85,13.60,1500.00,5337.75,13,113
665,lacus at,2006,91,13.20,4500.00,808.85,17,191
666,sapien,1983,21,10.70,12000.00,1876.51,2,171
667,condimentum curabitur,1990,98,9.70,12000.00,161.06,2,99
668,sed ante,2018,98,6.20,4500.00,2424.99,10,219
669,lectus suspendisse,1988,78,7.50,1500.00,2129.83,20,221
670,cursus,2009,45,14.30,375.00,6880.96,14,229
671,vestibulum ac,2006,4,15.00,375.00,3593.41,8,180
672,mus etiam,2002,29,11.70,1000.00,7231.90,9,173
673,eu magna,2000,12,5.90,3000.00,3080.92,5,85
674,amet nulla,2005,87,6.00,750.00,7731.81,22,164
675,convallis nulla,2010,12,14.50,1000.00,2391.11,2,113
676,ante,2012,19,10.90,187.50,2080.54,16,196
677,sed accumsan,1983,21,9.90,9000.00,2117.51,5,139
678,diam in,1980,69,11.70,187.50,7827.45,1,154
679,dolor,1984,19,8.20,9000.00,7527.81,20,11
680,vestibulum,2002,82,6.10,9000.00,7842.65,23,212
681,aliquet,2000,90,11.60,12000.00,6947.55,4,251
682,diam,1997,20,11.90,3000.00,7763.64,3,3
683,at nibh,2000,55,8.20,3000.00,2530.25,26,217
684,at,1987,34,10.60,1000.00,8964.84,9,209
685,molestie,2003,94,11.20,4500.00,6752.96,10,228
686,lobortis vel,2014,26,11.20,12000.00,5300.89,15,60
687,rutrum neque,2010,40,6.70,750.00,2299.43,20,77
688,vulputate ut,1989,15,7.40,187.50,1451.35,5,219
689,lobortis est,1989,60,11.40,187.50,7719.26,17,232
690,rutrum,2004,21,7.30,750.00,4748.00,24,209
691,quis odio,2011,62,13.70,1000.00,6995.76,20,147
692,ac,1985,32,13.20,6000.00,491.64,24,222
693,pede morbi,1998,0,6.20,12000.00,907.49,22,201
694,sit amet,2010,56,14.80,12000.00,44.13,18,66
695,est quam,1992,10,6.80,1000.00,5280.63,22,112
696,blandit,2015,20,9.80,4500.00,1211.35,23,40
697,donec,2005,93,15.40,6000.00,2056.14,4,39
698,vivamus vestibulum,2002,16,7.50,4500.00,9076.69,20,145
699,vel dapibus,1981,44,6.50,15000.00,2413.54,14,189
700,hac habitasse,2001,40,15.00,1000.00,7275.86,14,34
701,nec,1991,37,8.20,1000.00,6412.17,16,84
702,quam,1998,14,12.60,15000.00,6529.47,20,261
703,feugiat,2015,39,12.40,750.00,3212.50,5,147
704,tortor eu,1997,30,7.50,187.50,41.87,12,7
705,accumsan odio,2003,43,11.30,375.00,5786.59,4,51
706,eros viverra,2003,3,14.60,187.50,8852.87,26,84
707,aliquam,2001,64,13.20,3000.00,6859.11,13,48
708,nec,1983,72,13.80,1000.00,613.07,19,4
709,eu nibh,1990,53,10.30,4500.00,4073.75,14,192
710,sit,2017,51,13.70,1000.00,9818.71,12,33
711,libero non,1992,93,14.90,12000.00,1129.77,25,223
712,libero convallis,2008,2,7.30,4500.00,4262.53,16,45
713,rutrum rutrum,2005,36,12.60,4500.00,5413.11,22,34
714,maecenas tincidunt,1980,57,10.90,750.00,4215.78,7,173
715,est quam,2002,60,10.70,9000.00,8437.81,15,11
716,donec,1990,45,13.10,750.00,572.25,14,34
717,ultrices posuere,1985,38,9.90,375.00,4476.46,23,201
718,sit amet,1986,22,7.00,1500.00,7318.51,19,238
719,ante vivamus,1990,53,14.90,4500.00,7410.18,12,57
720,dolor,2017,19,14.40,375.00,3811.62,19,242
721,rutrum ac,2018,17,10.20,3000.00,187.77,10,55
722,sit,1992,38,11.30,15000.00,2751.34,25,155
723,aliquam convallis,2011,7,8.90,15000.00,5024.18,12,122
724,sed vel,2009,28,8.40,4500.00,922.61,17,163
725,libero quis,1997,74,9.30,187.50,214.66,6,87
726,pellentesque,2004,21,8.10,187.50,1382.41,10,160
727,nisi nam,1982,8,6.10,187.50,4100.27,3,201
728,odio consequat,1998,60,10.90,375.00,9001.37,19,256
729,ante ipsum,2017,38,7.40,9000.00,2624.08,18,114
730,convallis nunc,1992,46,6.30,187.50,765.55,20,61
731,neque,2016,15,12.00,1000.00,4493.08,14,34
732,suspendisse,1982,50,7.50,9000.00,9875.53,24,50
733,sapien,2012,93,9.60,4500.00,2267.57,24,109
734,molestie,1992,14,13.20,4500.00,6002.50,24,30
735,porttitor,2016,35,8.50,4500.00,8391.33,14,226
736,bibendum,2006,98,12.70,3000.00,8802.48,15,203
737,consequat in,1980,62,14.20,187.50,4903.58,24,9
738,libero,2007,31,8.00,6000.00,6473.16,14,175
739,magna,2016,23,5.80,750.00,6079.70,26,247
740,mus etiam,1982,33,11.50,1000.00,2048.37,6,251
741,mauris,1983,9,7.20,1500.00,8347.88,18,230
742,nec,1994,52,6.20,6000.00,1387.29,23,249
743,augue a,1982,82,11.20,750.00,5115.05,2,63
744,velit vivamus,1990,56,13.30,1500.00,5276.62,8,195
745,lectus,2005,70,14.20,187.50,7587.86,4,52
746,pede,1999,22,10.80,1500.00,3744.07,13,210
747,sed,2013,95,12.50,187.50,1801.84,24,60
748,vitae nisi,2011,55,7.00,750.00,5083.41,16,155
749,adipiscing elit,2007,78,14.60,187.50,9889.12,20,90
750,massa,2004,79,12.60,3000.00,6209.84,19,117
751,turpis elementum,1990,16,14.30,1500.00,26.88,22,92
752,at,2010,69,6.10,15000.00,4889.37,26,251
753,nulla,1980,76,12.10,6000.00,4277.52,4,91
754,quis justo,1991,58,11.00,3000.00,5046.52,9,94
755,lacinia,1981,83,7.70,9000.00,9875.02,10,132
756,ante,2014,86,13.90,4500.00,1492.84,24,106
757,vel,2014,72,7.20,1500.00,5688.29,11,197
758,sed lacus,1984,93,15.10,750.00,1603.38,21,252
759,montes,1990,90,9.40,1500.00,4870.30,19,211
760,consequat,2005,79,10.20,187.50,9114.74,1,24
761,molestie nibh,2008,99,8.60,375.00,1632.64,15,80
762,ac,2006,47,11.10,1000.00,2833.27,17,58
763,aliquam,1988,20,13.10,1500.00,1480.35,22,114
764,eu,2003,3,9.00,12000.00,5376.75,18,119
765,dolor sit,2000,22,11.50,187.50,8912.75,24,111
766,massa volutpat,1994,48,13.90,1000.00,2238.84,25,90
767,primis,2010,76,9.80,375.00,4995.78,15,51
768,volutpat,2005,78,15.00,12000.00,6399.56,9,62
769,est,1988,67,10.20,12000.00,5273.91,19,81
770,est,2010,9,11.40,9000.00,4836.23,12,193
771,nulla dapibus,2002,18,7.20,187.50,287.73,4,53
772,ut blandit,2001,98,7.70,750.00,5483.07,17,107
773,tincidunt,1985,46,10.80,15000.00,9273.56,20,88
774,nulla,1982,88,5.80,187.50,5750.11,23,162
775,eleifend donec,2011,39,14.60,750.00,8206.16,8,165
776,vestibulum,2016,5,9.00,9000.00,2453.02,12,197
777,tincidunt,2017,94,10.30,12000.00,2444.48,11,44
778,mus,2013,76,9.70,15000.00,7355.75,23,244
779,maecenas tristique,1980,100,9.30,4500.00,5129.51,2,130
780,pharetra,2014,76,8.50,1000.00,4939.74,12,133
781,sapien,1997,20,14.00,187.50,6840.21,14,132
782,eget nunc,2013,18,5.80,4500.00,2264.07,14,115
783,ut,1981,89,8.80,3000.00,7513.45,1,101
784,vitae mattis,2007,5,14.60,12000.00,4870.79,4,140
785,leo pellentesque,1991,29,9.20,1000.00,3598.35,20,177
786,nullam,1986,10,9.40,4500.00,3339.02,18,250
787,ultrices,2001,54,5.60,3000.00,2392.04,12,51
788,quam,1998,63,5.90,3000.00,6463.44,5,183
789,erat fermentum,1987,8,10.80,187.50,3376.29,18,64
790,ante,1993,70,14.50,3000.00,7972.43,12,245
791,eget,2007,62,6.30,375.00,1207.01,10,25
792,quisque id,1982,76,9.00,375.00,9205.75,24,152
793,nec nisi,1988,11,11.80,6000.00,287.70,9,22
794,augue,2008,87,10.30,4500.00,5057.32,10,39
795,est congue,2012,76,8.80,3000.00,3670.52,24,86
796,lacinia eget,2004,76,6.90,187.50,2024.05,13,141
797,iaculis,1990,41,8.60,187.50,2618.79,16,117
798,ante vestibulum,1982,13,9.70,9000.00,4047.58,5,133
799,et eros,2005,64,15.00,4500.00,548.62,21,160
800,in,1986,16,6.90,15000.00,1025.84,18,132
801,sem,2008,33,8.60,6000.00,2532.88,22,27
802,nulla ultrices,2004,58,13.20,3000.00,5649.04,15,138
803,curabitur,1980,83,14.80,4500.00,1399.00,12,178
804,posuere,2006,66,13.10,4500.00,9335.81,8,236
805,congue eget,2015,27,10.50,1500.00,5429.27,9,118
806,sed lacus,1998,2,12.40,4500.00,6052.53,10,94
807,sit,1998,34,6.10,3000.00,6137.31,17,52
808,arcu,1997,32,10.00,3000.00,9180.19,4,7
809,pede,2007,16,9.10,3000.00,8178.01,7,110
810,et,1984,19,6.20,15000.00,8799.42,25,154
811,mauris,1995,73,7.10,9000.00,1495.71,2,203
812,interdum mauris,1999,83,7.20,6000.00,7413.60,13,226
813,adipiscing elit,1990,11,6.50,6000.00,2723.54,14,52
814,a suscipit,2005,26,5.80,12000.00,8452.03,3,235
815,mi,2007,34,10.70,6000.00,1417.66,11,190
816,eget,1993,62,15.20,3000.00,9044.40,22,203
817,erat eros,2014,91,12.00,15000.00,8392.94,3,7
818,metus,2009,48,7.00,375.00,741.42,24,102
819,erat volutpat,2005,10,5.80,3000.00,755.97,20,46
820,turpis donec,1985,29,9.30,15000.00,6828.16,21,181
821,ut erat,2002,91,6.60,1000.00,6773.61,23,109
822,diam erat,2001,96,12.30,375.00,3627.69,20,126
823,tortor,1997,41,5.90,4500.00,6805.40,7,123
824,quis,1990,49,14.50,12000.00,7684.99,26,257
825,molestie,2005,94,15.20,187.50,2410.20,18,185
826,maecenas,2001,2,10.90,1500.00,4071.27,13,178
827,lectus,2018,51,12.00,4500.00,3204.53,3,52
828,donec,2002,80,14.10,1000.00,5561.80,1,248
829,nam nulla,1982,5,6.80,9000.00,7293.54,11,112
830,ac leo,1990,81,10.20,4500.00,3885.74,19,95
831,orci,2006,4,12.60,6000.00,4145.56,7,84
832,ipsum primis,2010,1,8.90,1500.00,7047.93,14,113
833,vel,1981,13,11.40,15000.00,1523.08,26,24
834,pede,1986,4,7.10,4500.00,25.05,24,38
835,lacus,2018,67,15.50,9000.00,4289.81,17,159
836,quis turpis,1998,100,15.10,750.00,8562.26,20,252
837,potenti,2017,45,7.70,6000.00,2990.03,8,162
838,et,1999,82,14.30,6000.00,9771.31,6,99
839,non,1993,100,15.10,750.00,4331.52,2,97
840,nisl,2010,99,6.20,4500.00,6808.70,15,240
841,nulla,1988,67,5.60,375.00,7692.92,17,180
842,cubilia curae,1988,34,14.00,750.00,8307.95,11,28
843,quam,2000,18,9.40,1500.00,845.70,15,26
844,fringilla,1980,85,15.40,6000.00,1560.86,15,13
845,lectus pellentesque,1997,2,14.80,4500.00,5441.74,12,10
846,morbi quis,2001,31,6.30,12000.00,3245.02,10,115
847,aliquet massa,1990,62,10.70,4500.00,1406.09,25,6
848,cras in,2016,50,15.40,3000.00,267.55,4,3
849,a,2007,48,11.40,1500.00,5645.66,25,154
850,nunc commodo,2018,49,7.20,750.00,1848.80,1,47
851,leo rhoncus,1987,23,7.90,12000.00,2586.72,6,153
852,vel pede,2000,86,12.10,4500.00,9169.74,3,30
853,non,1986,81,12.00,9000.00,5193.64,7,37
854,justo,1998,60,8.00,3000.00,4909.43,14,138
855,nulla neque,2008,49,14.60,15000.00,8009.09,20,73
856,nisi,1986,78,6.20,750.00,7684.94,4,59
857,congue,1980,3,8.60,1500.00,1089.97,11,62
858,ligula,1996,22,10.00,1000.00,1013.96,26,187
859,justo,2004,30,12.40,750.00,3977.39,6,67
860,habitasse platea,2010,46,11.00,1000.00,5978.24,3,86
861,ipsum primis,1981,100,12.90,3000.00,267.84,11,112
862,diam,2018,35,7.10,15000.00,1784.25,8,155
863,massa,2007,48,14.40,1500.00,7011.48,7,179
864,pulvinar sed,1996,28,6.00,6000.00,4266.69,12,183
865,nulla eget,1996,39,15.00,3000.00,5662.66,10,258
866,magna vestibulum,1986,18,11.90,9000.00,1776.14,13,204
867,curabitur convallis,1983,66,11.50,187.50,5580.41,3,182
868,in,2009,86,12.60,375.00,4232.27,23,125
869,viverra dapibus,1988,45,10.20,12000.00,8287.96,24,6
870,mi,1983,37,11.70,1500.00,9852.62,12,62
871,rhoncus,1991,97,10.00,4500.00,2285.41,6,70
872,viverra dapibus,1988,90,15.30,4500.00,4175.08,8,242
873,faucibus accumsan,2009,39,7.40,12000.00,1539.26,1,65
874,aliquam sit,1999,78,8.20,12000.00,9114.43,11,44
875,habitasse,2015,100,11.40,6000.00,2908.58,6,24
876,nam tristique,1998,45,10.90,9000.00,2595.36,4,52
877,a feugiat,1985,59,9.50,187.50,5703.50,8,70
878,sapien a,2016,82,9.10,4500.00,9894.73,15,179
879,justo,2006,91,9.80,187.50,4530.54,26,220
880,platea,1989,47,11.50,9000.00,2709.46,13,11
881,in lacus,1990,37,12.70,3000.00,5138.22,25,6
882,platea,2002,99,7.80,4500.00,190.92,1,55
883,consequat dui,1994,62,5.70,15000.00,3400.73,12,148
884,tincidunt nulla,1989,25,6.20,1500.00,9161.55,12,115
885,at,2013,10,14.90,6000.00,4432.94,9,160
886,at turpis,1983,38,6.70,375.00,9019.76,12,86
887,rutrum at,1996,47,13.10,4500.00,9393.11,26,222
888,id pretium,2004,26,11.60,187.50,6032.00,21,143
889,eget tincidunt,2008,91,7.30,375.00,5539.64,12,111
890,sapien,1982,94,14.90,12000.00,5211.80,25,228
891,lorem,2009,28,7.60,187.50,4016.96,7,141
892,tempus,2017,54,13.40,4500.00,1411.03,11,218
893,odio in,2014,100,10.50,375.00,6702.74,1,128
894,in sapien,1994,58,14.60,4500.00,2552.42,22,224
895,felis donec,1990,28,8.30,1000.00,5812.41,1,135
896,in,2016,37,9.70,9000.00,7215.44,8,26
897,id,1999,97,5.60,1500.00,1361.89,20,141
898,condimentum neque,2009,72,8.90,6000.00,6450.79,13,222
899,dictumst morbi,2012,26,6.10,3000.00,7401.14,21,163
900,amet eleifend,1987,11,6.10,9000.00,4297.16,12,188
901,integer,2013,21,14.00,6000.00,3107.08,4,180
902,molestie sed,1999,100,15.00,1500.00,8002.14,20,163
903,condimentum curabitur,2004,64,12.20,750.00,1480.57,22,237
904,posuere,1987,12,8.90,187.50,35.62,3,58
905,morbi ut,2009,96,5.60,187.50,3186.26,13,239
906,auctor,2017,28,8.60,3000.00,3400.70,3,205
907,non mattis,1998,72,5.70,750.00,6047.71,5,112
908,lobortis est,2012,31,9.70,9000.00,6416.21,22,208
909,nascetur ridiculus,1984,65,6.40,15000.00,4597.17,26,136
910,cubilia curae,2002,100,14.70,375.00,1030.74,10,209
911,nisl nunc,1989,62,10.40,15000.00,5261.16,22,85
912,ipsum,1986,78,7.10,187.50,9693.58,26,23
913,ultrices posuere,2018,53,9.50,3000.00,8316.93,8,201
914,id lobortis,2004,30,9.10,375.00,7498.88,12,107
915,nam,1991,92,11.00,15000.00,9094.54,11,176
916,elit,2004,55,8.00,4500.00,1488.05,19,79
917,morbi porttitor,2013,53,5.80,9000.00,4507.21,16,60
918,id justo,2011,69,10.20,4500.00,4187.65,4,27
919,aliquet,1982,78,9.30,3000.00,8067.43,3,235
920,consectetuer eget,1982,84,9.20,9000.00,3903.87,18,119
921,nonummy integer,1985,94,10.70,750.00,2884.87,5,248
922,in libero,1992,49,11.20,187.50,1965.40,8,112
923,aliquam,2004,30,15.20,375.00,297.35,26,172
924,duis mattis,2011,63,8.80,1500.00,8328.70,4,162
925,hac,2007,64,8.10,187.50,9093.96,26,151
926,vel lectus,1991,85,13.90,9000.00,938.16,17,251
927,ornare consequat,1994,54,9.40,375.00,689.94,5,113
928,condimentum curabitur,2005,4,9.30,1000.00,8616.46,9,181
929,ut,1987,1,9.80,15000.00,5983.17,10,175
930,pede lobortis,2002,72,12.50,15000.00,5550.64,2,56
931,morbi,2011,82,8.50,750.00,8098.22,19,46
932,arcu adipiscing,2005,20,5.90,1500.00,6497.81,24,114
933,turpis,2012,51,9.70,1500.00,6445.93,22,65
934,semper,1999,95,6.80,4500.00,7673.92,24,98
935,nunc proin,2003,1,9.00,3000.00,1128.91,13,134
936,vestibulum eget,2005,0,13.10,6000.00,2370.36,17,239
937,pulvinar lobortis,2018,2,7.70,9000.00,3218.94,4,204
938,turpis,2013,18,13.00,12000.00,1875.76,23,38
939,id,2015,61,11.60,750.00,9342.41,24,117
940,a,1997,76,15.20,187.50,7471.24,21,29
941,tellus in,2014,37,10.20,187.50,5199.87,24,88
942,ut suscipit,2001,73,8.00,375.00,8074.20,25,246
943,curabitur,1987,9,11.60,9000.00,6843.24,2,212
944,cubilia curae,2006,68,13.50,3000.00,1307.07,7,244
945,mattis pulvinar,1999,22,15.40,187.50,3409.34,8,199
946,nulla tempus,2003,33,11.50,1500.00,5166.24,7,119
947,nulla,1992,85,11.90,187.50,2484.52,25,139
948,ridiculus,2006,70,6.70,6000.00,9214.06,2,198
949,est,1998,22,14.60,375.00,6074.46,25,212
950,nibh in,2003,40,11.80,375.00,3227.90,17,56
951,ut,2008,8,10.40,3000.00,6739.69,7,6
952,etiam pretium,2005,36,14.40,750.00,5301.61,24,165
953,at nibh,1992,95,6.10,4500.00,4542.67,12,99
954,enim in,2015,31,9.50,12000.00,5172.79,2,135
955,duis mattis,1999,23,14.50,15000.00,8594.87,2,180
956,tortor,2018,29,13.90,3000.00,6533.86,19,47
957,lacus purus,1995,61,14.20,3000.00,4204.85,8,72
958,morbi vel,1988,27,6.30,1500.00,5276.22,13,180
959,velit nec,2006,93,10.80,1000.00,208.74,23,222
960,cubilia,1998,95,8.40,375.00,5252.23,18,178
961,id,1986,7,11.00,750.00,5249.47,4,193
962,parturient montes,2001,48,15.30,1000.00,2989.64,7,165
963,ipsum primis,2006,77,8.30,15000.00,8848.30,19,29
964,integer,2009,42,10.90,1500.00,5703.00,10,156
965,in purus,2008,23,12.50,9000.00,7045.10,20,152
966,pede ullamcorper,1996,82,13.70,4500.00,8522.67,25,172
967,ipsum,1989,54,14.90,4500.00,9992.68,7,14
968,aliquet massa,1987,2,10.30,1000.00,8210.32,16,44
969,feugiat,1990,10,6.20,187.50,6111.72,23,53
970,nascetur ridiculus,2009,38,5.50,6000.00,4093.30,22,52
971,varius integer,2005,80,14.50,4500.00,1747.52,25,103
972,lectus in,1991,25,9.30,12000.00,565.94,3,53
973,dolor quis,2002,63,13.40,750.00,1496.11,21,229
974,dictumst,2010,68,13.00,1000.00,5529.42,21,58
975,pede,2002,17,5.50,1000.00,6213.92,3,259
976,ligula,1991,59,5.90,750.00,8573.76,5,1
977,justo in,2007,18,12.10,750.00,2361.23,8,84
978,sed justo,1988,38,9.10,6000.00,7667.14,11,7
979,magna vulputate,2012,41,15.30,15000.00,7870.84,24,144
980,ac nibh,2006,3,12.00,15000.00,7848.19,8,261
981,sed,1999,75,12.90,1500.00,2693.17,22,193
982,vitae,1990,91,8.10,375.00,3916.15,10,107
983,non mi,1992,86,6.40,1000.00,563.60,16,11
984,tortor,2016,35,13.00,3000.00,8939.24,5,78
985,ultrices,2007,66,8.70,15000.00,6132.20,20,21
986,in lectus,2006,36,7.50,1000.00,4899.45,1,203
987,nibh,2002,7,6.60,9000.00,2482.70,5,66
988,ante,2000,5,9.50,3000.00,3456.70,9,38
989,sem,2012,89,15.30,6000.00,8161.87,11,21
990,ut odio,2004,19,7.00,4500.00,1743.37,11,126
991,sem praesent,2006,13,6.40,6000.00,656.47,25,168
992,quis,1998,25,14.40,187.50,9476.06,12,104
993,orci eget,2013,2,10.90,4500.00,500.45,1,120
994,primis,1984,4,9.10,6000.00,5556.03,12,203
995,nulla ultrices,1991,80,5.70,1000.00,5568.07,17,55
996,nulla,2008,35,8.70,1000.00,2950.49,16,252
997,nibh,1996,45,15.20,3000.00,952.82,5,223
998,luctus ultricies,2003,71,15.20,3000.00,8789.14,9,221
999,nulla ultrices,1983,52,6.30,9000.00,6462.18,17,62
1000,eros,2006,64,8.30,15000.00,7642.05,19,185