DROP TABLE IF EXISTS WINERY;
DROP TABLE IF EXISTS EMPLOYEE;
DROP TABLE IF EXISTS CUSTOMER;
DROP TABLE IF EXISTS ORDERS;
DROP TABLE IF EXISTS WINE_CELLAR;
DROP TABLE IF EXISTS STOCK_INVENTORY;
DROP TABLE IF EXISTS WINE_TYPE;
DROP TABLE IF EXISTS WINE_BOTTLE;
DROP TABLE IF EXISTS ORDER_CONTENTS;
DROP TABLE IF EXISTS VENUE;
DROP TABLE IF EXISTS RENTAL;



Create table WINERY
(
Winery_ID int not null,
Name varchar(50),
Owner_Fname varchar(20), Owner_Lname varchar(30),
Manager_Emp_ID int,
Primary key(Winery_ID),
Foreign key(Manager_Emp_ID) references EMPLOYEE(Emp_ID)
);

Create table EMPLOYEE
(
Emp_ID int not null,
Fname varchar(20), Lname varchar(30),
Super_Emp_ID int,
Winery_ID int,
Primary key(Emp_ID),
Foreign key(Winery_ID) references WINERY(Winery_ID),
Foreign key(Super_Emp_ID) references EMPLOYEE(Emp_ID)
);

Create table STOCK_INVENTORY
(
Stock_inventory_id int not null,
Date date,
Num_bottles int,
Emp_ID int not null,
Cellar_ID int not null,
Primary key(Stock_inventory_id),
Foreign key(Emp_ID) references EMPLOYEE(Emp_ID)
);

Create table WINE_TYPE
(
Wine_Type_ID int not null,
Color varchar(5) not null,
Grape_Variety varchar (20),
Tier varvchar(20),
Primary key(Wine_Type_ID)
);

Create table WINE_BOTTLE
(
Wine_Bottle_ID int not null,
Name varchar(20) not null,
Rating int,
Year int,
Alcohol_Content decimal(4, 2),
Volume decimal(4, 2),
Unit_Price decimal(3, 2),
Cellar_ID int,
Wine_Type_ID int,
Primary key(Wine_Bottle_ID),
Foreign key(Wine_Type_ID) references WINE_TYPE(Wine_Type_ID),
Foreign key(Cellar_ID) references WINE_CELLAR(Cellar_ID)
);

Create table CUSTOMER
(
Customer_ID int not null,
Fname varchar(20), Lname varchar(20),
Primary key(Customer_ID)
);

Create table ORDERS
(
Order_ID int not null,
Date date not null,
Discount decimal(4, 2),
Customer_ID int not null,
Primary key(Order_ID),
Foreign key(Customer_ID) references CUSTOMER(Customer_ID)
);

Create table ORDER_CONTENTS
(
Order_Contents_ID int not null,
Quantity int not null,
Wine_Bottle_ID int not null,
Order_ID int not null,
Primary key(Order_Contents_ID),
Foreign key(Wine_Bottle_ID) references WINE_BOTTLE(Wine_Bottle_ID),
Foreign key(Order_ID) references ORDERS(Order_ID)
);

Create table VENUE
(
Venue_ID int not null,
Name varchar(20),
Seating_Cap int,
Dimensions decimal(5, 2),
Winery_ID int not null,
Primary key(Venue_ID),
Foreign key(Winery_ID) references WINERY(Winery_ID)
);

Create table RENTAL
(
Rental_ID int not null,
Price decimal(4, 2) not null,
Date date not null,
Customer_ID int not null,
Venue_ID int not null,
Primary key(Rental_ID),
Foreign key(Customer_ID) references CUSTOMER(Customer_ID),
Foreign key(Venue_ID) references VENUE(Venue_ID)
);

Create table WINE_CELLAR
(
Cellar_ID int not null,
Name varchar(20),
Winery_ID int,
Primary key(Cellar_ID),
Foreign key(Winery_ID) references WINERY(Winery_ID)
);


INSERT INTO WINE_TYPE VALUES(1, 'Riesling', 'Rose', 'Production');
INSERT INTO WINE_TYPE VALUES(2, 'Riesling', 'Rose', 'Distribution');
INSERT INTO WINE_TYPE VALUES(3, 'Riesling', 'Rose', 'Retail');
INSERT INTO WINE_TYPE VALUES(4,'Riesling','White','Production');
INSERT INTO WINE_TYPE VALUES(10,'Chardonnay','Rose','Production');
INSERT INTO WINE_TYPE VALUES(11,'Chardonnay','Rose','Distribution');
INSERT INTO WINE_TYPE VALUES(12,'Chardonnay','Rose','Retail');
INSERT INTO WINE_TYPE VALUES(18,'Chardonnay','Red','Retail');
INSERT INTO WINE_TYPE VALUES(24,'Sauvignon Blanc','White','Retail');
INSERT INTO WINE_TYPE VALUES(25,'Sauvignon Blanc','Red','Production');
INSERT INTO WINE_TYPE VALUES(26,'Sauvignon Blanc','Red','Distribution');
INSERT INTO WINE_TYPE VALUES(27,'Sauvignon Blanc','Red','Retail');
INSERT INTO WINE_TYPE VALUES(28,'Gewurztraminer','Rose','Production');
INSERT INTO WINE_TYPE VALUES(29,'Gewurztraminer','Rose','Distribution');
INSERT INTO WINE_TYPE VALUES(30,'Gewurztraminer','Rose','Retail');
INSERT INTO WINE_TYPE VALUES(31,'Gewurztraminer','White','Production');
INSERT INTO WINE_TYPE VALUES(38,'Semillon','Rose','Distribution');
INSERT INTO WINE_TYPE VALUES(39,'Semillon','Rose','Retail');
INSERT INTO WINE_TYPE VALUES(40,'Semillon','White','Production');
INSERT INTO WINE_TYPE VALUES(41,'Semillon','White','Distribution');
INSERT INTO WINE_TYPE VALUES(42,'Semillon','White','Retail');
INSERT INTO WINE_TYPE VALUES(43,'Semillon','Red','Production');
INSERT INTO WINE_TYPE VALUES(44,'Semillon','Red','Distribution');
INSERT INTO WINE_TYPE VALUES(45,'Semillon','Red','Retail');
INSERT INTO WINE_TYPE VALUES(157,'Cabernet Franc','White','Production');
INSERT INTO WINE_TYPE VALUES(158,'Cabernet Franc','White','Distribution');
INSERT INTO WINE_TYPE VALUES(159,'Cabernet Franc','White','Retail');
INSERT INTO WINE_TYPE VALUES(160,'Cabernet Franc','Red','Production');
INSERT INTO WINE_TYPE VALUES(161,'Cabernet Franc','Red','Distribution');
INSERT INTO WINE_TYPE VALUES(162,'Cabernet Franc','Red','Retail');
INSERT INTO WINE_TYPE VALUES(163,'Malbec','Rose','Production');
INSERT INTO WINE_TYPE VALUES(164,'Malbec','Rose','Distribution');
INSERT INTO WINE_TYPE VALUES(165,'Malbec','Rose','Retail');
INSERT INTO WINE_TYPE VALUES(166,'Malbec','White','Production');
INSERT INTO WINE_TYPE VALUES(167,'Malbec','White','Distribution');
INSERT INTO WINE_TYPE VALUES(168,'Malbec','White','Retail');
INSERT INTO WINE_TYPE VALUES(169,'Malbec','Red','Production');
INSERT INTO WINE_TYPE VALUES(170,'Malbec','Red','Distribution');
INSERT INTO WINE_TYPE VALUES(171,'Malbec','Red','Retail');
INSERT INTO WINE_TYPE VALUES(172,'Pinot Noir','Rose','Production');
INSERT INTO WINE_TYPE VALUES(173,'Pinot Noir','Rose','Distribution');
INSERT INTO WINE_TYPE VALUES(174,'Pinot Noir','Rose','Retail');
INSERT INTO WINE_TYPE VALUES(175,'Pinot Noir','White','Production');
INSERT INTO WINE_TYPE VALUES(176,'Pinot Noir','White','Distribution');
INSERT INTO WINE_TYPE VALUES(177,'Pinot Noir','White','Retail');

INSERT INTO CUSTOMER VALUES(996098691,'Meggy','Poland');
INSERT INTO CUSTOMER VALUES(428521,'Courtenay','Kumaar');
INSERT INTO CUSTOMER VALUES(7889904,'Wyn','Ickeringill');
INSERT INTO CUSTOMER VALUES(3057543,'Winnah','Penright');
INSERT INTO CUSTOMER VALUES(2487525,'Kristyn','Andree');
INSERT INTO CUSTOMER VALUES(8930525,'Stephan','Westcott');
INSERT INTO CUSTOMER VALUES(71530,'Cloris','Crips');
INSERT INTO CUSTOMER VALUES(3195209,'Camala','Corwin');
INSERT INTO CUSTOMER VALUES(6936921,'Steven','Collingdon');
INSERT INTO CUSTOMER VALUES(3043080,'Tiertza','Lukins');
INSERT INTO CUSTOMER VALUES(5883649,'Olivero','Russen');
INSERT INTO CUSTOMER VALUES(6889689,'Antonietta','Scarth');
INSERT INTO CUSTOMER VALUES(8342373,'Royce','Edwinson');
INSERT INTO CUSTOMER VALUES(8506011,'Cesare','Hinckesman');
INSERT INTO CUSTOMER VALUES(3408636,'Michal','Batham');
INSERT INTO CUSTOMER VALUES(8792689,'Salvador','Escot');
INSERT INTO CUSTOMER VALUES(6647010,'Glennis','Delatour');
INSERT INTO CUSTOMER VALUES(5865036,'Allin','Armistead');
INSERT INTO CUSTOMER VALUES(7513969,'Amelia','Glitherow');
INSERT INTO CUSTOMER VALUES(4266504,'Hillery','Kerrey');
INSERT INTO CUSTOMER VALUES(9538888,'Lorain','Dunbobin');
INSERT INTO CUSTOMER VALUES(227952,'Graehme','Huntingdon');
INSERT INTO CUSTOMER VALUES(2254822,'Dru','Leader');
INSERT INTO CUSTOMER VALUES(1494676,'Mathew','LLelweln');
INSERT INTO CUSTOMER VALUES(7836821,'Rania','McClenan');
INSERT INTO CUSTOMER VALUES(2175861,'Geralda','Corness');
INSERT INTO CUSTOMER VALUES(7899601,'Dulcea','Pentercost');
INSERT INTO CUSTOMER VALUES(9194564,'Lorenza','Ryan');
INSERT INTO CUSTOMER VALUES(7120447,'Corny','Jordanson');
INSERT INTO CUSTOMER VALUES(4278459,'Janeta','Fitzroy');
INSERT INTO CUSTOMER VALUES(6101831,'Lydie','Dundridge');
INSERT INTO CUSTOMER VALUES(2469004,'Amory','Lequeux');
INSERT INTO CUSTOMER VALUES(6394449,'Charity','Gaythorpe');
INSERT INTO CUSTOMER VALUES(9346072,'Meagan','Cleeve');
INSERT INTO CUSTOMER VALUES(7081170,'Marigold','Delve');
INSERT INTO CUSTOMER VALUES(5894730,'Zara','Frosch');
INSERT INTO CUSTOMER VALUES(3399029,'Karel','Corsor');
INSERT INTO CUSTOMER VALUES(5085258,'Lianne','Dalrymple');
INSERT INTO CUSTOMER VALUES(3380486,'Mary','Lacroux');
INSERT INTO CUSTOMER VALUES(8217900,'Barnett','Henstone');
INSERT INTO CUSTOMER VALUES(6346491,'Marni','Arbuckle');
INSERT INTO CUSTOMER VALUES(1015178,'Urbain','Potell');
INSERT INTO CUSTOMER VALUES(2250219,'Elbertine','McGuigan');
INSERT INTO CUSTOMER VALUES(6624974,'Genni','Bennoe');
INSERT INTO CUSTOMER VALUES(8054237,'Quintilla','Rosenfrucht');
INSERT INTO CUSTOMER VALUES(4528373,'Mahmud','Wiggans');
INSERT INTO CUSTOMER VALUES(9018007,'Zuzana','Hanretty');
INSERT INTO CUSTOMER VALUES(4039435,'Abigail','Boxill');
INSERT INTO CUSTOMER VALUES(8529860,'Nolana','Fairham');
INSERT INTO CUSTOMER VALUES(9608234,'Zarah','McElane');
INSERT INTO CUSTOMER VALUES(6238538,'Brenn','Mannock');


INSERT INTO EMPLOYEE VALUES(695051156,'Jose','Halls',,1);
INSERT INTO EMPLOYEE VALUES(809465589,'Nat','Drever',695051156,1);
INSERT INTO EMPLOYEE VALUES(704316284,'Geri','Morot',695051156,1);
INSERT INTO EMPLOYEE VALUES(218785454,'Othilie','Manders',695051156,1);
INSERT INTO EMPLOYEE VALUES(704932965,'Kiley','Giacobelli',695051156,1);
INSERT INTO EMPLOYEE VALUES(572005939,'Stern','Liddel',695051156,1);
INSERT INTO EMPLOYEE VALUES(384525528,'Bonita','Brisker',695051156,1);
INSERT INTO EMPLOYEE VALUES(512628281,'Amanda','Parsons',,2);
INSERT INTO EMPLOYEE VALUES(212608540,'Tami','Martinie',512628281,2);
INSERT INTO EMPLOYEE VALUES(303161176,'Shoshanna','Antoniewski',512628281,2);
INSERT INTO EMPLOYEE VALUES(206707146,'Irwin','Goter',512628281,2);
INSERT INTO EMPLOYEE VALUES(116856221,'Cyndi','Domico',512628281,2);
INSERT INTO EMPLOYEE VALUES(381696743,'Flory','Scoles',512628281,2);
INSERT INTO EMPLOYEE VALUES(984680868,'Shaila','Pruchetto',,3);
INSERT INTO EMPLOYEE VALUES(167939037,'Porta','Conechie',984680868,3);
INSERT INTO EMPLOYEE VALUES(451980467,'Avie','Anetts',984680868,3);
INSERT INTO EMPLOYEE VALUES(423697266,'Kip','Alfonsetti',984680868,3);
INSERT INTO EMPLOYEE VALUES(757632552,'Ethelyn','Bew',984680868,3);
INSERT INTO EMPLOYEE VALUES(313729330,'Sheri','Werner',984680868,3);
INSERT INTO EMPLOYEE VALUES(499797857,'Ebenezer','Jaeggi',984680868,3);
INSERT INTO EMPLOYEE VALUES(410029289,'Corinne','Tamplin',984680868,3);
INSERT INTO EMPLOYEE VALUES(977408772,'Phylis','Tevelov',984680868,3);
INSERT INTO EMPLOYEE VALUES(485659359,'Ruprecht','Thacke',984680868,3);
INSERT INTO EMPLOYEE VALUES(662856531,'Marcy','Peasee',272414269,4);
INSERT INTO EMPLOYEE VALUES(272414269,'Conner','Vaux',,4);
INSERT INTO EMPLOYEE VALUES(3490815,'Druci','McLucas',272414269,4);
INSERT INTO EMPLOYEE VALUES(29698160,'Jo','Halls',272414269,4);
INSERT INTO EMPLOYEE VALUES(363334832,'Adrea','Kilshall',272414269,4);
INSERT INTO EMPLOYEE VALUES(223036684,'Kenon','Ghidini',272414269,4);
INSERT INTO EMPLOYEE VALUES(289179157,'Grove','Dutson',272414269,4);
INSERT INTO EMPLOYEE VALUES(10475538,'Kelcy','Blindt',272414269,4);
INSERT INTO EMPLOYEE VALUES(634638980,'Bibbie','Verrell',272414269,4);
INSERT INTO EMPLOYEE VALUES(536364213,'Barbara','Gonzales',,5);
INSERT INTO EMPLOYEE VALUES(873667784,'Kellyann','Oret',536364213,5);
INSERT INTO EMPLOYEE VALUES(312175484,'Joyous','Vandrill',536364213,5);
INSERT INTO EMPLOYEE VALUES(769887523,'Nadia','Picheford',536364213,5);
INSERT INTO EMPLOYEE VALUES(334692676,'Klara','Maddicks',536364213,5);
INSERT INTO EMPLOYEE VALUES(128269983,'Kati','Simioni',536364213,5);
INSERT INTO EMPLOYEE VALUES(162473645,'Evelina','Youd',536364213,5);
INSERT INTO EMPLOYEE VALUES(30776885,'Carolina','Libby',536364213,5);
INSERT INTO EMPLOYEE VALUES(62446700,'Modesty','Percifull',536364213,5);
INSERT INTO EMPLOYEE VALUES(103193439,'Brit','Bownd',536364213,5);
INSERT INTO EMPLOYEE VALUES(50460606,'Izzy','Laister',536364213,5);
INSERT INTO EMPLOYEE VALUES(14404817,'Axel','Eighteen',536364213,5);
INSERT INTO EMPLOYEE VALUES(437839222,'Roxanne','Jindacek',,6);
INSERT INTO EMPLOYEE VALUES(488089940,'Augustin','Jime',437839222,6);
INSERT INTO EMPLOYEE VALUES(894233329,'Delia','Willmore',437839222,6);
INSERT INTO EMPLOYEE VALUES(949578310,'Edlin','Baylis',437839222,6);
INSERT INTO EMPLOYEE VALUES(620842889,'Alethea','Peacham',437839222,6);
INSERT INTO EMPLOYEE VALUES(162286335,'Kin','Parkman',437839222,6);
INSERT INTO EMPLOYEE VALUES(886146452,'Thaxter','Strutton',437839222,6);
INSERT INTO EMPLOYEE VALUES(263487923,'Pierson','Tremeer',437839222,6);

INSERT INTO WINERY VALUES(1,'Columbia Winery','Ursula','Lagadu',695051156);
INSERT INTO WINERY VALUES(2,'Long Shadows','Elsa','Golitzin',512628281);
INSERT INTO WINERY VALUES(3,'Chateau Ste. Michelle','Peter','Beswell',984680868);
INSERT INTO WINERY VALUES(4,'Avennia','Alexander ','Vinall',272414269);
INSERT INTO WINERY VALUES(5,'Abeja','Thomas','Blonfield',536364213);
INSERT INTO WINERY VALUES(6,'Delille Cellars','Christopher','McKevany',437839222);

INSERT INTO WINE_CELLAR VALUES(1,'Oxbe',1);
INSERT INTO WINE_CELLAR VALUES(2,'Thomann',1);
INSERT INTO WINE_CELLAR VALUES(3,'Marskell',1);
INSERT INTO WINE_CELLAR VALUES(4,'Lempertz',1);
INSERT INTO WINE_CELLAR VALUES(5,'Ferrey',2);
INSERT INTO WINE_CELLAR VALUES(8,'Guyon',2);
INSERT INTO WINE_CELLAR VALUES(12,'Tosney',3);
INSERT INTO WINE_CELLAR VALUES(13,'Croley',3);
INSERT INTO WINE_CELLAR VALUES(14,'Palfery',3);
INSERT INTO WINE_CELLAR VALUES(15,'Verheyden',3);
INSERT INTO WINE_CELLAR VALUES(16,'Spearman',4);
INSERT INTO WINE_CELLAR VALUES(20,'Bartak',5);
INSERT INTO WINE_CELLAR VALUES(21,'Lambdean',5);
INSERT INTO WINE_CELLAR VALUES(22,'Radeliffe',6);
INSERT INTO WINE_CELLAR VALUES(23,'Betun',6);

INSERT INTO VENUE VALUES(1,'Blues Hall',338,2704,2);
INSERT INTO VENUE VALUES(2,'The Red Suite',613,4904,2);
INSERT INTO VENUE VALUES(3,'Blues Club',1335,10680,4);
INSERT INTO VENUE VALUES(4,'Chocolate Building',501,4008,5);
INSERT INTO VENUE VALUES(5,'The Purple Reserve',770,6160,2);
INSERT INTO VENUE VALUES(6,'Historic Center',872,6976,5);
INSERT INTO VENUE VALUES(7,'Flowers Hall',72,576,4);
INSERT INTO VENUE VALUES(8,'The Jazz Room',1309,10472,3);
INSERT INTO VENUE VALUES(9,'The Pink Center',1171,9368,3);
INSERT INTO VENUE VALUES(10,'Green Park',574,4592,4);
INSERT INTO VENUE VALUES(13,'The Blues Center',1093,8744,2);
INSERT INTO VENUE VALUES(14,'Jazz Farm',1298,10384,2);
INSERT INTO VENUE VALUES(15,'The Green Park',455,3640,3);
INSERT INTO VENUE VALUES(16,'The Green Center',1197,9576,4);
INSERT INTO VENUE VALUES(17,'The Gallery Suite',656,5248,4);
INSERT INTO VENUE VALUES(30,'The Green Room',828,6624,5);
INSERT INTO VENUE VALUES(31,'Pink Club',110,880,2);
INSERT INTO VENUE VALUES(32,'Blue Farm',1046,8368,3);

INSERT INTO ORDERS VALUES(6329548,'2/20/18',0.21,4375873);
INSERT INTO ORDERS VALUES(21159418,'12/14/19',0.27,4375873);
INSERT INTO ORDERS VALUES(37526863,'9/24/19',0.27,4375873);
INSERT INTO ORDERS VALUES(47362055,'10/9/18',0.27,7731658);
INSERT INTO ORDERS VALUES(327295295,'1/20/19',0.24,4375873);
INSERT INTO ORDERS VALUES(339191522,'3/10/18',0.23,7731658);
INSERT INTO ORDERS VALUES(344834709,'12/29/17',0.24,7731658);
INSERT INTO ORDERS VALUES(394396596,'12/27/17',0.23,4375873);
INSERT INTO ORDERS VALUES(421669632,'11/23/18',0.29,5071102);
INSERT INTO ORDERS VALUES(423903554,'10/13/19',0.21,5071102);
INSERT INTO ORDERS VALUES(439870943,'8/7/19',0.27,5071102);
INSERT INTO ORDERS VALUES(602587351,'9/28/18',0.2,4375873);
INSERT INTO ORDERS VALUES(607372949,'11/7/19',0.24,7731658);
INSERT INTO ORDERS VALUES(641371592,'10/11/18',0.29,6269231);
INSERT INTO ORDERS VALUES(659239640,'12/2/19',0.23,4375873);
INSERT INTO ORDERS VALUES(695609977,'11/29/19',0.25,4375873);
INSERT INTO ORDERS VALUES(722192598,'8/23/19',0.23,5071102);
INSERT INTO ORDERS VALUES(735882936,'8/10/18',0.21,4375873);
INSERT INTO ORDERS VALUES(1107252418,'4/3/18',0.26,3219172);
INSERT INTO ORDERS VALUES(1114519627,'10/6/19',0.26,996098691);
INSERT INTO ORDERS VALUES(1122807670,'12/31/19',0.25,7731658);
INSERT INTO ORDERS VALUES(1124427662,'10/30/19',0.26,4375873);
INSERT INTO ORDERS VALUES(1136700167,'11/6/18',0.27,7731658);
INSERT INTO ORDERS VALUES(1160387108,'4/9/18',0.21,5071102);
INSERT INTO ORDERS VALUES(1165829959,'11/16/18',0.21,6210657);
INSERT INTO ORDERS VALUES(1172735175,'5/23/19',0.27,6210657);
INSERT INTO ORDERS VALUES(1172904922,'4/25/19',0.29,7731658);
INSERT INTO ORDERS VALUES(1184149787,'8/31/19',0.29,4375873);
INSERT INTO ORDERS VALUES(1184206975,'12/13/18',0.29,5071102);
INSERT INTO ORDERS VALUES(1220246043,'1/14/19',0.23,7731658);
INSERT INTO ORDERS VALUES(1234257658,'12/18/19',0.28,5071102);
INSERT INTO ORDERS VALUES(1255351708,'9/4/19',0.21,7731658);
INSERT INTO ORDERS VALUES(1258042895,'3/9/19',0.24,5883649);
INSERT INTO ORDERS VALUES(1262518118,'7/26/18',0.29,8624020);
INSERT INTO ORDERS VALUES(1276965116,'7/23/18',0.21,5071102);
INSERT INTO ORDERS VALUES(1279861109,'1/26/19',0.21,7731658);
INSERT INTO ORDERS VALUES(1367940909,'11/13/18',0.23,4375873);
INSERT INTO ORDERS VALUES(1427610640,'10/15/18',0.28,5071102);
INSERT INTO ORDERS VALUES(1431743464,'11/20/19',0.26,4375873);
INSERT INTO ORDERS VALUES(1439600160,'12/13/18',0.27,5071102);
INSERT INTO ORDERS VALUES(1469423029,'10/17/19',0.29,4375873);
INSERT INTO ORDERS VALUES(1490227193,'5/11/19',0.2,4375873);
INSERT INTO ORDERS VALUES(1565169321,'11/5/18',0.26,5071102);
INSERT INTO ORDERS VALUES(1606092197,'6/13/19',0.22,6269231);
INSERT INTO ORDERS VALUES(1637835081,'2/8/18',0.2,5071102);
INSERT INTO ORDERS VALUES(1704522588,'3/23/18',0.21,4375873);
INSERT INTO ORDERS VALUES(1718106603,'5/7/19',0.25,8624020);
INSERT INTO ORDERS VALUES(1723927252,'2/10/18',0.24,7731658);
INSERT INTO ORDERS VALUES(1733931450,'5/17/19',0.24,4375873);
INSERT INTO ORDERS VALUES(1744139762,'12/25/19',0.26,5071102);
INSERT INTO ORDERS VALUES(1756645943,'3/9/19',0.2,5071102);
INSERT INTO ORDERS VALUES(1758646431,'11/8/18',0.24,4375873);
INSERT INTO ORDERS VALUES(1969817003,'12/15/19',0.23,1062614);
INSERT INTO ORDERS VALUES(1989372516,'12/25/18',0.26,5883649);
INSERT INTO ORDERS VALUES(2028369726,'12/9/17',0.24,2175861);
INSERT INTO ORDERS VALUES(2031777945,'12/7/19',0.24,4375873);
INSERT INTO ORDERS VALUES(2038074090,'12/21/18',0.23,5071102);
INSERT INTO ORDERS VALUES(2046301885,'12/31/19',0.22,4375873);
INSERT INTO ORDERS VALUES(2108857722,'3/25/19',0.26,1015178);
INSERT INTO ORDERS VALUES(2154034834,'4/6/19',0.21,4375873);
INSERT INTO ORDERS VALUES(2165527845,'4/16/18',0.23,5883649);
INSERT INTO ORDERS VALUES(2168648756,'10/2/19',0.27,6210657);
INSERT INTO ORDERS VALUES(2171812351,'11/18/19',0.28,4375873);
INSERT INTO ORDERS VALUES(2205452429,'11/17/19',0.25,7731658);
INSERT INTO ORDERS VALUES(2230090892,'11/11/19',0.21,7731658);
INSERT INTO ORDERS VALUES(2232046662,'8/13/19',0.27,1015178);
INSERT INTO ORDERS VALUES(2234584429,'12/5/18',0.27,4375873);
INSERT INTO ORDERS VALUES(2248696383,'9/8/18',0.23,7731658);
INSERT INTO ORDERS VALUES(2321318115,'9/10/19',0.28,7731658);
INSERT INTO ORDERS VALUES(2322661623,'9/11/18',0.28,8624020);
INSERT INTO ORDERS VALUES(2353850035,'1/6/18',0.26,5071102);
INSERT INTO ORDERS VALUES(2380740033,'2/5/19',0.23,7731658);
INSERT INTO ORDERS VALUES(2390194530,'11/17/18',0.27,4375873);
INSERT INTO ORDERS VALUES(2415762609,'11/1/18',0.29,1062614);
INSERT INTO ORDERS VALUES(2418202390,'6/16/18',0.24,5071102);
INSERT INTO ORDERS VALUES(2419688975,'12/15/18',0.25,7731658);
INSERT INTO ORDERS VALUES(2426401082,'6/22/18',0.2,5071102);
INSERT INTO ORDERS VALUES(2429572273,'7/24/19',0.21,2175861);
INSERT INTO ORDERS VALUES(2449037192,'12/1/17',0.23,5071102);
INSERT INTO ORDERS VALUES(2462482942,'3/24/18',0.26,7731658);
INSERT INTO ORDERS VALUES(2564493389,'3/9/19',0.25,5071102);
INSERT INTO ORDERS VALUES(2568477484,'7/16/19',0.25,5071102);
INSERT INTO ORDERS VALUES(2600833417,'8/29/18',0.27,6210657);
INSERT INTO ORDERS VALUES(2635404062,'8/7/18',0.21,1015178);
INSERT INTO ORDERS VALUES(2658170843,'12/5/18',0.27,6210657);
INSERT INTO ORDERS VALUES(2671172777,'4/27/18',0.24,4375873);
INSERT INTO ORDERS VALUES(2681927048,'9/15/19',0.29,4375873);
INSERT INTO ORDERS VALUES(2685426265,'9/6/19',0.29,7731658);
INSERT INTO ORDERS VALUES(2761021021,'5/13/19',0.23,7731658);
INSERT INTO ORDERS VALUES(2770487771,'6/5/18',0.21,4375873);
INSERT INTO ORDERS VALUES(4843481004,'12/19/18',0.24,996098691);
INSERT INTO ORDERS VALUES(4843563697,'3/6/18',0.21,4375873);
INSERT INTO ORDERS VALUES(4852701919,'5/16/19',0.28,7731658);
INSERT INTO ORDERS VALUES(4883170527,'6/21/19',0.29,3219172);
INSERT INTO ORDERS VALUES(5166278360,'1/13/18',0.2,5071102);
INSERT INTO ORDERS VALUES(5171391016,'5/13/18',0.21,7731658);
INSERT INTO ORDERS VALUES(5231299709,'4/1/18',0.24,7731658);
INSERT INTO ORDERS VALUES(5254175506,'6/2/19',0.21,3219172);
INSERT INTO ORDERS VALUES(5279199166,'2/8/19',0.29,8624020);
INSERT INTO ORDERS VALUES(5303632102,'11/19/19',0.27,4375873);
INSERT INTO ORDERS VALUES(5354524122,'4/14/19',0.26,4375873);
INSERT INTO ORDERS VALUES(5371836731,'6/19/18',0.25,5071102);
INSERT INTO ORDERS VALUES(5415372851,'12/30/18',0.22,5071102);
INSERT INTO ORDERS VALUES(5430153651,'4/6/19',0.22,7731658);
INSERT INTO ORDERS VALUES(5448409834,'1/10/18',0.26,5883649);
INSERT INTO ORDERS VALUES(5528103031,'10/22/19',0.27,5071102);
INSERT INTO ORDERS VALUES(5562688526,'4/8/19',0.29,4375873);
INSERT INTO ORDERS VALUES(5564089619,'10/21/18',0.28,4375873);
INSERT INTO ORDERS VALUES(5569707041,'10/20/18',0.22,4375873);
INSERT INTO ORDERS VALUES(5572788174,'9/28/19',0.25,4375873);
INSERT INTO ORDERS VALUES(5581059746,'12/2/19',0.21,8624020);
INSERT INTO ORDERS VALUES(5607776406,'8/28/18',0.2,7731658);
INSERT INTO ORDERS VALUES(5616652536,'3/2/19',0.28,5071102);
INSERT INTO ORDERS VALUES(5620424245,'6/14/18',0.28,5071102);
INSERT INTO ORDERS VALUES(5698460438,'11/6/18',0.27,996098691);
INSERT INTO ORDERS VALUES(6071208102,'11/6/19',0.22,5071102);
INSERT INTO ORDERS VALUES(6084539987,'3/25/19',0.26,7731658);
INSERT INTO ORDERS VALUES(6097599428,'10/20/18',0.29,8624020);
INSERT INTO ORDERS VALUES(6101912679,'4/27/18',0.22,8624020);
INSERT INTO ORDERS VALUES(6354441904,'12/17/17',0.27,7731658);
INSERT INTO ORDERS VALUES(6377120879,'9/21/18',0.22,4375873);
INSERT INTO ORDERS VALUES(6398005972,'5/1/18',0.22,7731658);
INSERT INTO ORDERS VALUES(6402783850,'12/22/17',0.27,4375873);
INSERT INTO ORDERS VALUES(6403119365,'9/12/18',0.22,5071102);
INSERT INTO ORDERS VALUES(6416374272,'12/11/18',0.21,1015178);
INSERT INTO ORDERS VALUES(6438532936,'3/9/18',0.26,1015178);
INSERT INTO ORDERS VALUES(6448664366,'3/8/18',0.25,5071102);
INSERT INTO ORDERS VALUES(6477031656,'5/2/18',0.25,5071102);
INSERT INTO ORDERS VALUES(6803576704,'6/23/19',0.21,5883649);
INSERT INTO ORDERS VALUES(6829372510,'12/7/19',0.24,4375873);
INSERT INTO ORDERS VALUES(6837203376,'6/26/18',0.22,7731658);
INSERT INTO ORDERS VALUES(6846818739,'9/23/19',0.23,5071102);
INSERT INTO ORDERS VALUES(6849000606,'11/18/19',0.24,4375873);
INSERT INTO ORDERS VALUES(7549749555,'6/8/18',0.2,7513969);
INSERT INTO ORDERS VALUES(7566333463,'3/4/18',0.28,4375873);
INSERT INTO ORDERS VALUES(7578219819,'10/17/18',0.28,4375873);
INSERT INTO ORDERS VALUES(7582750256,'4/6/18',0.29,4375873);
INSERT INTO ORDERS VALUES(8356074392,'3/7/19',0.2,5071102);
INSERT INTO ORDERS VALUES(8405745294,'12/9/18',0.2,4375873);
INSERT INTO ORDERS VALUES(8407429273,'11/2/18',0.25,4375873);
INSERT INTO ORDERS VALUES(8412148940,'7/10/18',0.27,5071102);
INSERT INTO ORDERS VALUES(8859595913,'6/11/18',0.2,3219172);
INSERT INTO ORDERS VALUES(8867287958,'5/4/19',0.28,3219172);
INSERT INTO ORDERS VALUES(8867406674,'9/27/19',0.29,3219172);
INSERT INTO ORDERS VALUES(8890438475,'10/31/18',0.25,5883649);
INSERT INTO ORDERS VALUES(8917111282,'9/3/19',0.28,7513969);
INSERT INTO ORDERS VALUES(9961216581,'8/15/19',0.22,2175861);
INSERT INTO ORDERS VALUES(9982634099,'10/29/18',0.29,7731658);

INSERT INTO WINE_BOTTLE VALUES(1,'quam',1993,0,14.10,15000.00,6608.10,18,247);
INSERT INTO WINE_BOTTLE VALUES(2,'eu',2002,11,12.80,9000.00,3115.87,12,219);
INSERT INTO WINE_BOTTLE VALUES(3,'auctor gravida',1986,18,12.10,4500.00,9159.63,19,184);
INSERT INTO WINE_BOTTLE VALUES(4,'fusce',2011,77,6.60,1500.00,96.79,14,172);
INSERT INTO WINE_BOTTLE VALUES(5,'volutpat quam',2016,92,11.90,3000.00,1165.36,6,197);
INSERT INTO WINE_BOTTLE VALUES(6,'id ligula',1987,53,7.00,3000.00,8893.76,22,56);
INSERT INTO WINE_BOTTLE VALUES(7,'at',1982,51,8.50,750.00,7694.95,26,199);
INSERT INTO WINE_BOTTLE VALUES(8,'varius',2005,55,7.80,9000.00,82.59,22,222);
INSERT INTO WINE_BOTTLE VALUES(9,'mauris vulputate',1981,15,10.40,9000.00,1293.44,7,76);
INSERT INTO WINE_BOTTLE VALUES(10,'lorem',2002,10,14.60,187.50,262.48,9,229);
INSERT INTO WINE_BOTTLE VALUES(11,'tincidunt ante',1989,63,13.40,187.50,3036.83,4,139);
INSERT INTO WINE_BOTTLE VALUES(12,'integer',1996,44,9.70,187.50,197.01,12,28);
INSERT INTO WINE_BOTTLE VALUES(13,'lobortis ligula',2009,64,7.70,1500.00,5689.85,19,146);
INSERT INTO WINE_BOTTLE VALUES(14,'diam',2010,65,12.30,15000.00,1959.54,6,19);
INSERT INTO WINE_BOTTLE VALUES(15,'donec',1988,64,10.90,3000.00,4363.96,19,202);
INSERT INTO WINE_BOTTLE VALUES(16,'non',1994,91,9.30,375.00,4068.74,3,70);
INSERT INTO WINE_BOTTLE VALUES(17,'vivamus',2008,15,10.70,187.50,5795.69,14,63);
INSERT INTO WINE_BOTTLE VALUES(18,'vel dapibus',1990,60,12.80,9000.00,4780.22,20,9);
INSERT INTO WINE_BOTTLE VALUES(19,'in lectus',1985,51,6.70,3000.00,6139.92,25,89);
INSERT INTO WINE_BOTTLE VALUES(20,'donec',2008,91,14.20,12000.00,5855.99,24,167);
INSERT INTO WINE_BOTTLE VALUES(21,'posuere cubilia',1995,51,11.90,187.50,5407.82,22,51);
INSERT INTO WINE_BOTTLE VALUES(22,'vestibulum sed',2018,50,10.50,375.00,6889.18,18,173);
INSERT INTO WINE_BOTTLE VALUES(23,'erat',2002,42,6.50,6000.00,6957.14,6,31);
INSERT INTO WINE_BOTTLE VALUES(24,'orci mauris',2004,18,12.80,750.00,1601.47,1,71);
INSERT INTO WINE_BOTTLE VALUES(25,'a',1984,98,9.60,1000.00,2489.28,8,135);
INSERT INTO WINE_BOTTLE VALUES(695,'est quam',1992,10,6.80,1000.00,5280.63,22,112);
INSERT INTO WINE_BOTTLE VALUES(696,'blandit',2015,20,9.80,4500.00,1211.35,23,40);
INSERT INTO WINE_BOTTLE VALUES(697,'donec',2005,93,15.40,6000.00,2056.14,4,39);
INSERT INTO WINE_BOTTLE VALUES(698,'vivamus vestibulum',2002,16,7.50,4500.00,9076.69,20,145);
INSERT INTO WINE_BOTTLE VALUES(699,'vel dapibus',1981,44,6.50,15000.00,2413.54,14,189);
INSERT INTO WINE_BOTTLE VALUES(700,'hac habitasse',2001,40,15.00,1000.00,7275.86,14,34);
INSERT INTO WINE_BOTTLE VALUES(701,'nec',1991,37,8.20,1000.00,6412.17,16,84);
INSERT INTO WINE_BOTTLE VALUES(702,'quam',1998,14,12.60,15000.00,6529.47,20,261);
INSERT INTO WINE_BOTTLE VALUES(703,'feugiat',2015,39,12.40,750.00,3212.50,5,147);
INSERT INTO WINE_BOTTLE VALUES(704,'tortor eu',1997,30,7.50,187.50,41.87,12,7);
INSERT INTO WINE_BOTTLE VALUES(705,'accumsan odio',2003,43,11.30,375.00,5786.59,4,51);
INSERT INTO WINE_BOTTLE VALUES(706,'eros viverra',2003,3,14.60,187.50,8852.87,26,84);
INSERT INTO WINE_BOTTLE VALUES(707,'aliquam',2001,64,13.20,3000.00,6859.11,13,48);
INSERT INTO WINE_BOTTLE VALUES(708,'nec',1983,72,13.80,1000.00,613.07,19,4);
INSERT INTO WINE_BOTTLE VALUES(709,'eu nibh',1990,53,10.30,4500.00,4073.75,14,192);
INSERT INTO WINE_BOTTLE VALUES(710,'sit',2017,51,13.70,1000.00,9818.71,12,33);
INSERT INTO WINE_BOTTLE VALUES(711,'libero non',1992,93,14.90,12000.00,1129.77,25,223);
INSERT INTO WINE_BOTTLE VALUES(712,'libero convallis',2008,2,7.30,4500.00,4262.53,16,45);
INSERT INTO WINE_BOTTLE VALUES(713,'rutrum rutrum',2005,36,12.60,4500.00,5413.11,22,34);
INSERT INTO WINE_BOTTLE VALUES(714,'maecenas tincidunt',1980,57,10.90,750.00,4215.78,7,173);
INSERT INTO WINE_BOTTLE VALUES(715,'est quam',2002,60,10.70,9000.00,8437.81,15,11);
INSERT INTO WINE_BOTTLE VALUES(716,'donec',1990,45,13.10,750.00,572.25,14,34);
INSERT INTO WINE_BOTTLE VALUES(717,'ultrices posuere',1985,38,9.90,375.00,4476.46,23,201);
INSERT INTO WINE_BOTTLE VALUES(727,'nisi nam',1982,8,6.10,187.50,4100.27,3,201);
INSERT INTO WINE_BOTTLE VALUES(728,'odio consequat',1998,60,10.90,375.00,9001.37,19,256);
INSERT INTO WINE_BOTTLE VALUES(729,'ante ipsum',2017,38,7.40,9000.00,2624.08,18,114);


INSERT INTO ORDER_CONTENTS VALUES(1,411,740,6329548);
INSERT INTO ORDER_CONTENTS VALUES(2,12,427,21159418);
INSERT INTO ORDER_CONTENTS VALUES(3,987,181,37526863);
INSERT INTO ORDER_CONTENTS VALUES(4,469,958,47362055);
INSERT INTO ORDER_CONTENTS VALUES(5,570,879,60617024);
INSERT INTO ORDER_CONTENTS VALUES(6,662,786,61193894);
INSERT INTO ORDER_CONTENTS VALUES(7,783,375,82738109);
INSERT INTO ORDER_CONTENTS VALUES(8,54,340,99966994);
INSERT INTO ORDER_CONTENTS VALUES(9,842,690,103433440);
INSERT INTO ORDER_CONTENTS VALUES(10,692,614,168835903);
INSERT INTO ORDER_CONTENTS VALUES(11,249,986,182872942);
INSERT INTO ORDER_CONTENTS VALUES(12,128,669,213575587);
INSERT INTO ORDER_CONTENTS VALUES(13,589,909,217462016);
INSERT INTO ORDER_CONTENTS VALUES(14,628,944,218597717);
INSERT INTO ORDER_CONTENTS VALUES(15,989,287,235540267);
INSERT INTO ORDER_CONTENTS VALUES(16,282,168,244509215);
INSERT INTO ORDER_CONTENTS VALUES(17,131,812,327295295);
INSERT INTO ORDER_CONTENTS VALUES(18,932,33,339191522);
INSERT INTO ORDER_CONTENTS VALUES(19,821,661,344834709);
INSERT INTO ORDER_CONTENTS VALUES(20,96,896,394396596);
INSERT INTO ORDER_CONTENTS VALUES(21,246,253,421669632);
INSERT INTO ORDER_CONTENTS VALUES(22,341,17,423903554);
INSERT INTO ORDER_CONTENTS VALUES(23,860,160,439870943);
INSERT INTO ORDER_CONTENTS VALUES(24,800,861,440999493);
INSERT INTO ORDER_CONTENTS VALUES(25,974,541,451052765);
INSERT INTO ORDER_CONTENTS VALUES(26,414,153,481423771);
INSERT INTO ORDER_CONTENTS VALUES(27,689,506,499938053);
INSERT INTO ORDER_CONTENTS VALUES(28,99,979,506700369);
INSERT INTO ORDER_CONTENTS VALUES(29,471,431,516466789);
INSERT INTO ORDER_CONTENTS VALUES(30,190,53,534515535);
INSERT INTO ORDER_CONTENTS VALUES(31,599,924,554319324);
INSERT INTO ORDER_CONTENTS VALUES(32,686,110,575119752);
INSERT INTO ORDER_CONTENTS VALUES(33,862,484,591454909);
INSERT INTO ORDER_CONTENTS VALUES(34,594,568,596879572);
INSERT INTO ORDER_CONTENTS VALUES(35,239,283,602587351);
INSERT INTO ORDER_CONTENTS VALUES(36,273,187,607372949);
INSERT INTO ORDER_CONTENTS VALUES(37,495,465,641371592);
INSERT INTO ORDER_CONTENTS VALUES(38,949,116,659239640);
INSERT INTO ORDER_CONTENTS VALUES(39,996,740,695609977);
INSERT INTO ORDER_CONTENTS VALUES(40,988,529,722192598);
INSERT INTO ORDER_CONTENTS VALUES(41,679,760,735882936);
INSERT INTO ORDER_CONTENTS VALUES(42,604,261,776780838);
INSERT INTO ORDER_CONTENTS VALUES(43,598,596,779874652);
INSERT INTO ORDER_CONTENTS VALUES(44,101,202,811961845);
INSERT INTO ORDER_CONTENTS VALUES(61,587,142,1072767300);
INSERT INTO ORDER_CONTENTS VALUES(62,480,241,1092322830);
INSERT INTO ORDER_CONTENTS VALUES(63,717,614,1107252418);
INSERT INTO ORDER_CONTENTS VALUES(64,277,449,1114519627);
INSERT INTO ORDER_CONTENTS VALUES(65,857,672,1122807670);
INSERT INTO ORDER_CONTENTS VALUES(66,435,269,1124427662);
INSERT INTO ORDER_CONTENTS VALUES(67,794,564,1136700167);
INSERT INTO ORDER_CONTENTS VALUES(68,629,738,1160387108);
INSERT INTO ORDER_CONTENTS VALUES(69,230,734,1165829959);
INSERT INTO ORDER_CONTENTS VALUES(70,463,552,1172735175);
INSERT INTO ORDER_CONTENTS VALUES(71,990,287,1172904922);
INSERT INTO ORDER_CONTENTS VALUES(72,85,866,1184149787);
INSERT INTO ORDER_CONTENTS VALUES(73,51,550,1184206975);
INSERT INTO ORDER_CONTENTS VALUES(74,699,769,1220246043);
INSERT INTO ORDER_CONTENTS VALUES(75,546,701,1234257658);
INSERT INTO ORDER_CONTENTS VALUES(92,727,934,1723927252);
INSERT INTO ORDER_CONTENTS VALUES(93,220,740,1733931450);
INSERT INTO ORDER_CONTENTS VALUES(94,233,72,1744139762);
INSERT INTO ORDER_CONTENTS VALUES(95,14,631,1756645943);
INSERT INTO ORDER_CONTENTS VALUES(96,426,125,1758646431);
INSERT INTO ORDER_CONTENTS VALUES(97,178,886,1764289951);
INSERT INTO ORDER_CONTENTS VALUES(98,505,486,1770114675);
INSERT INTO ORDER_CONTENTS VALUES(99,442,426,1783674221);
INSERT INTO ORDER_CONTENTS VALUES(100,860,991,1787905551);
INSERT INTO ORDER_CONTENTS VALUES(101,561,973,1789562760);
INSERT INTO ORDER_CONTENTS VALUES(102,12,100,1790434776);
INSERT INTO ORDER_CONTENTS VALUES(103,302,193,1806756871);
INSERT INTO ORDER_CONTENTS VALUES(104,150,682,1818196673);
INSERT INTO ORDER_CONTENTS VALUES(105,723,349,1828937862);
INSERT INTO ORDER_CONTENTS VALUES(106,6,435,1847219229);
INSERT INTO ORDER_CONTENTS VALUES(107,223,753,1872009504);
INSERT INTO ORDER_CONTENTS VALUES(108,453,753,1872409211);
INSERT INTO ORDER_CONTENTS VALUES(109,324,13,1905929977);
INSERT INTO ORDER_CONTENTS VALUES(110,162,297,1927555029);
INSERT INTO ORDER_CONTENTS VALUES(111,614,509,1943516186);
INSERT INTO ORDER_CONTENTS VALUES(112,287,688,1949560470);
INSERT INTO ORDER_CONTENTS VALUES(113,357,767,1964499587);
INSERT INTO ORDER_CONTENTS VALUES(114,285,344,1969817003);
INSERT INTO ORDER_CONTENTS VALUES(115,968,923,1989372516);
INSERT INTO ORDER_CONTENTS VALUES(116,210,743,2028369726);
INSERT INTO ORDER_CONTENTS VALUES(117,653,954,2031777945);
INSERT INTO ORDER_CONTENTS VALUES(118,758,736,2038074090);
INSERT INTO ORDER_CONTENTS VALUES(119,860,444,2046301885);
INSERT INTO ORDER_CONTENTS VALUES(120,383,806,2108857722);
INSERT INTO ORDER_CONTENTS VALUES(121,750,4,2154034834);
INSERT INTO ORDER_CONTENTS VALUES(122,254,869,2165527845);
INSERT INTO ORDER_CONTENTS VALUES(123,179,797,2168648756);
INSERT INTO ORDER_CONTENTS VALUES(124,59,865,2171812351);
INSERT INTO ORDER_CONTENTS VALUES(125,684,672,2205452429);
INSERT INTO ORDER_CONTENTS VALUES(126,367,307,2230090892);
INSERT INTO ORDER_CONTENTS VALUES(127,127,806,2232046662);
INSERT INTO ORDER_CONTENTS VALUES(128,584,648,2234584429);
INSERT INTO ORDER_CONTENTS VALUES(129,336,220,2248696383);
INSERT INTO ORDER_CONTENTS VALUES(130,720,465,2321318115);
INSERT INTO ORDER_CONTENTS VALUES(131,770,39,2322661623);
INSERT INTO ORDER_CONTENTS VALUES(132,306,366,2353850035);
INSERT INTO ORDER_CONTENTS VALUES(133,913,631,2380740033);
INSERT INTO ORDER_CONTENTS VALUES(134,363,580,2390194530);
INSERT INTO ORDER_CONTENTS VALUES(135,314,556,2415762609);
INSERT INTO ORDER_CONTENTS VALUES(136,315,751,2418202390);
INSERT INTO ORDER_CONTENTS VALUES(137,514,594,2419688975);
INSERT INTO ORDER_CONTENTS VALUES(138,663,241,2426401082);
INSERT INTO ORDER_CONTENTS VALUES(139,348,364,2429572273);
INSERT INTO ORDER_CONTENTS VALUES(140,687,451,2449037192);
INSERT INTO ORDER_CONTENTS VALUES(141,505,153,2462482942);
INSERT INTO ORDER_CONTENTS VALUES(142,318,84,2564493389);
INSERT INTO ORDER_CONTENTS VALUES(143,164,786,2568477484);
INSERT INTO ORDER_CONTENTS VALUES(144,884,196,2600833417);
INSERT INTO ORDER_CONTENTS VALUES(145,647,74,2635404062);
INSERT INTO ORDER_CONTENTS VALUES(146,205,739,2658170843);
INSERT INTO ORDER_CONTENTS VALUES(147,633,373,2671172777);
INSERT INTO ORDER_CONTENTS VALUES(148,696,749,2681927048);
INSERT INTO ORDER_CONTENTS VALUES(149,719,531,2685426265);
INSERT INTO ORDER_CONTENTS VALUES(150,82,990,2761021021);
INSERT INTO ORDER_CONTENTS VALUES(151,550,735,2770487771);
INSERT INTO ORDER_CONTENTS VALUES(152,166,972,2778190598);
INSERT INTO ORDER_CONTENTS VALUES(153,992,980,2787305013);
INSERT INTO ORDER_CONTENTS VALUES(154,227,996,2798277758);
INSERT INTO ORDER_CONTENTS VALUES(155,882,941,2808531866);
INSERT INTO ORDER_CONTENTS VALUES(156,452,52,2848906972);
INSERT INTO ORDER_CONTENTS VALUES(157,705,759,2850480155);
INSERT INTO ORDER_CONTENTS VALUES(158,662,966,2897351737);
INSERT INTO ORDER_CONTENTS VALUES(159,77,716,2897567827);
INSERT INTO ORDER_CONTENTS VALUES(160,209,429,2918729760);
INSERT INTO ORDER_CONTENTS VALUES(161,140,375,2958122809);
INSERT INTO ORDER_CONTENTS VALUES(162,42,483,2970790842);
INSERT INTO ORDER_CONTENTS VALUES(163,339,470,2971274353);
INSERT INTO ORDER_CONTENTS VALUES(164,509,542,2971676147);
INSERT INTO ORDER_CONTENTS VALUES(165,163,1000,2984263553);
INSERT INTO ORDER_CONTENTS VALUES(166,387,774,2992351058);
INSERT INTO ORDER_CONTENTS VALUES(167,907,484,3002146408);
INSERT INTO ORDER_CONTENTS VALUES(168,822,559,3023039501);
INSERT INTO ORDER_CONTENTS VALUES(169,659,980,3037944968);
INSERT INTO ORDER_CONTENTS VALUES(170,969,83,3075569803);
INSERT INTO ORDER_CONTENTS VALUES(171,240,479,3080552813);
INSERT INTO ORDER_CONTENTS VALUES(172,876,605,3082740407);
INSERT INTO ORDER_CONTENTS VALUES(173,614,614,3116106452);
INSERT INTO ORDER_CONTENTS VALUES(174,443,749,3127544155);
INSERT INTO ORDER_CONTENTS VALUES(175,344,642,3127840120);
INSERT INTO ORDER_CONTENTS VALUES(176,52,624,3147457370);
INSERT INTO ORDER_CONTENTS VALUES(177,222,590,3152228904);
INSERT INTO ORDER_CONTENTS VALUES(178,643,736,3155049837);
INSERT INTO ORDER_CONTENTS VALUES(179,976,683,3159909910);
INSERT INTO ORDER_CONTENTS VALUES(180,472,211,3168996817);
INSERT INTO ORDER_CONTENTS VALUES(181,431,642,3171944722);
INSERT INTO ORDER_CONTENTS VALUES(182,672,813,3191591646);
INSERT INTO ORDER_CONTENTS VALUES(183,298,592,3195031316);
INSERT INTO ORDER_CONTENTS VALUES(184,395,722,3238226099);
INSERT INTO ORDER_CONTENTS VALUES(185,968,498,3282750673);
INSERT INTO ORDER_CONTENTS VALUES(186,469,922,3286532463);
INSERT INTO ORDER_CONTENTS VALUES(187,589,989,3288286670);
INSERT INTO ORDER_CONTENTS VALUES(188,559,384,3302836977);
INSERT INTO ORDER_CONTENTS VALUES(189,937,26,3326145222);
INSERT INTO ORDER_CONTENTS VALUES(190,327,711,3351109697);
INSERT INTO ORDER_CONTENTS VALUES(191,636,878,3403187099);
INSERT INTO ORDER_CONTENTS VALUES(192,704,268,3418505229);
INSERT INTO ORDER_CONTENTS VALUES(193,834,529,3476545575);
INSERT INTO ORDER_CONTENTS VALUES(194,142,481,3490325159);
INSERT INTO ORDER_CONTENTS VALUES(195,978,654,3538250680);
INSERT INTO ORDER_CONTENTS VALUES(196,981,282,3572107438);
INSERT INTO ORDER_CONTENTS VALUES(197,109,685,3626404267);
INSERT INTO ORDER_CONTENTS VALUES(198,985,383,3664745428);
INSERT INTO ORDER_CONTENTS VALUES(199,368,39,3685707386);
INSERT INTO ORDER_CONTENTS VALUES(200,438,187,3696692791);
INSERT INTO ORDER_CONTENTS VALUES(201,181,79,3708039803);
INSERT INTO ORDER_CONTENTS VALUES(202,687,714,3775525818);
INSERT INTO ORDER_CONTENTS VALUES(203,726,501,3823820099);
INSERT INTO ORDER_CONTENTS VALUES(204,230,174,3828109186);
INSERT INTO ORDER_CONTENTS VALUES(205,558,685,3831927664);
INSERT INTO ORDER_CONTENTS VALUES(206,372,633,3835530083);
INSERT INTO ORDER_CONTENTS VALUES(207,120,83,3863248014);
INSERT INTO ORDER_CONTENTS VALUES(208,535,854,3863759382);
INSERT INTO ORDER_CONTENTS VALUES(209,54,130,3864400584);
INSERT INTO ORDER_CONTENTS VALUES(210,714,651,3879476551);
INSERT INTO ORDER_CONTENTS VALUES(211,717,535,3977803958);
INSERT INTO ORDER_CONTENTS VALUES(212,349,429,3998931591);
INSERT INTO ORDER_CONTENTS VALUES(213,291,457,4044103628);
INSERT INTO ORDER_CONTENTS VALUES(214,181,483,4056716787);
INSERT INTO ORDER_CONTENTS VALUES(215,117,558,4057347386);
INSERT INTO ORDER_CONTENTS VALUES(216,78,605,4080938671);
INSERT INTO ORDER_CONTENTS VALUES(217,116,453,4109998866);
INSERT INTO ORDER_CONTENTS VALUES(218,535,865,4122344556);
INSERT INTO ORDER_CONTENTS VALUES(219,741,496,4146543339);
INSERT INTO ORDER_CONTENTS VALUES(220,963,869,4179341858);
INSERT INTO ORDER_CONTENTS VALUES(221,147,466,4180810874);
INSERT INTO ORDER_CONTENTS VALUES(222,101,906,4202488524);
INSERT INTO ORDER_CONTENTS VALUES(223,988,749,4204052316);
INSERT INTO ORDER_CONTENTS VALUES(224,413,719,4220181340);
INSERT INTO ORDER_CONTENTS VALUES(225,853,83,4231133992);
INSERT INTO ORDER_CONTENTS VALUES(226,354,543,4263449026);
INSERT INTO ORDER_CONTENTS VALUES(227,741,393,4341521244);
INSERT INTO ORDER_CONTENTS VALUES(228,38,405,4343941393);
INSERT INTO ORDER_CONTENTS VALUES(229,579,791,4357748402);
INSERT INTO ORDER_CONTENTS VALUES(230,341,65,4359462803);
INSERT INTO ORDER_CONTENTS VALUES(231,312,699,4374748180);
INSERT INTO ORDER_CONTENTS VALUES(232,367,481,4404592267);
INSERT INTO ORDER_CONTENTS VALUES(233,382,635,4410622812);
INSERT INTO ORDER_CONTENTS VALUES(234,435,194,4444675742);
INSERT INTO ORDER_CONTENTS VALUES(235,365,744,4464582108);
INSERT INTO ORDER_CONTENTS VALUES(236,552,382,4492345736);
INSERT INTO ORDER_CONTENTS VALUES(237,689,599,4506694527);
INSERT INTO ORDER_CONTENTS VALUES(238,537,282,4533835206);
INSERT INTO ORDER_CONTENTS VALUES(239,44,407,4551886204);
INSERT INTO ORDER_CONTENTS VALUES(240,720,626,4562059322);
INSERT INTO ORDER_CONTENTS VALUES(241,821,698,4578777740);
INSERT INTO ORDER_CONTENTS VALUES(242,639,453,4587418456);
INSERT INTO ORDER_CONTENTS VALUES(243,158,130,4593435143);
INSERT INTO ORDER_CONTENTS VALUES(244,969,766,4626555347);
INSERT INTO ORDER_CONTENTS VALUES(245,314,263,4641084773);
INSERT INTO ORDER_CONTENTS VALUES(246,572,745,4666437409);
INSERT INTO ORDER_CONTENTS VALUES(247,80,231,4707195918);
INSERT INTO ORDER_CONTENTS VALUES(248,859,343,4709621512);
INSERT INTO ORDER_CONTENTS VALUES(249,258,853,4712621581);
INSERT INTO ORDER_CONTENTS VALUES(250,405,795,4725024484);
INSERT INTO ORDER_CONTENTS VALUES(251,804,864,4727384309);
INSERT INTO ORDER_CONTENTS VALUES(252,956,587,4773848176);
INSERT INTO ORDER_CONTENTS VALUES(253,154,427,4782577599);
INSERT INTO ORDER_CONTENTS VALUES(254,228,360,4803481015);
INSERT INTO ORDER_CONTENTS VALUES(255,337,185,4804600049);
INSERT INTO ORDER_CONTENTS VALUES(256,114,949,4806768503);
INSERT INTO ORDER_CONTENTS VALUES(257,843,763,4843481004);
INSERT INTO ORDER_CONTENTS VALUES(258,255,687,4843563697);
INSERT INTO ORDER_CONTENTS VALUES(259,828,479,4852701919);
INSERT INTO ORDER_CONTENTS VALUES(260,548,456,4883170527);
INSERT INTO ORDER_CONTENTS VALUES(261,401,149,4889516025);
INSERT INTO ORDER_CONTENTS VALUES(262,613,327,4892408757);
INSERT INTO ORDER_CONTENTS VALUES(263,730,135,4953097169);
INSERT INTO ORDER_CONTENTS VALUES(264,986,519,4966121272);
INSERT INTO ORDER_CONTENTS VALUES(265,468,594,4978529534);
INSERT INTO ORDER_CONTENTS VALUES(266,661,125,4987365861);
INSERT INTO ORDER_CONTENTS VALUES(267,19,66,4988582212);
INSERT INTO ORDER_CONTENTS VALUES(268,214,754,5016670043);
INSERT INTO ORDER_CONTENTS VALUES(269,242,305,5055659455);
INSERT INTO ORDER_CONTENTS VALUES(270,264,779,5055749407);
INSERT INTO ORDER_CONTENTS VALUES(271,697,413,5065937543);
INSERT INTO ORDER_CONTENTS VALUES(272,911,373,5076080411);
INSERT INTO ORDER_CONTENTS VALUES(273,971,49,5077927915);
INSERT INTO ORDER_CONTENTS VALUES(274,372,406,5166278360);
INSERT INTO ORDER_CONTENTS VALUES(275,182,753,5171391016);
INSERT INTO ORDER_CONTENTS VALUES(276,718,423,5231299709);
INSERT INTO ORDER_CONTENTS VALUES(277,264,373,5254175506);
INSERT INTO ORDER_CONTENTS VALUES(278,958,979,5279199166);
INSERT INTO ORDER_CONTENTS VALUES(279,17,757,5303632102);
INSERT INTO ORDER_CONTENTS VALUES(280,140,122,5354524122);
INSERT INTO ORDER_CONTENTS VALUES(281,581,725,5371836731);
INSERT INTO ORDER_CONTENTS VALUES(282,887,277,5415372851);
INSERT INTO ORDER_CONTENTS VALUES(283,494,936,5430153651);
INSERT INTO ORDER_CONTENTS VALUES(284,636,730,5448409834);
INSERT INTO ORDER_CONTENTS VALUES(285,960,526,5528103031);
INSERT INTO ORDER_CONTENTS VALUES(286,676,128,5562688526);
INSERT INTO ORDER_CONTENTS VALUES(287,739,341,5564089619);
INSERT INTO ORDER_CONTENTS VALUES(288,4,565,5569707041);
INSERT INTO ORDER_CONTENTS VALUES(289,816,469,5572788174);
INSERT INTO ORDER_CONTENTS VALUES(290,228,467,5581059746);
INSERT INTO ORDER_CONTENTS VALUES(291,752,611,5607776406);
INSERT INTO ORDER_CONTENTS VALUES(292,894,327,5616652536);
INSERT INTO ORDER_CONTENTS VALUES(293,926,315,5620424245);
INSERT INTO ORDER_CONTENTS VALUES(294,774,924,5698460438);
INSERT INTO ORDER_CONTENTS VALUES(295,464,412,5704124268);
INSERT INTO ORDER_CONTENTS VALUES(296,508,531,5716331456);
INSERT INTO ORDER_CONTENTS VALUES(297,139,170,5719090433);
INSERT INTO ORDER_CONTENTS VALUES(298,966,499,5742261573);
INSERT INTO ORDER_CONTENTS VALUES(299,314,396,5750441533);
INSERT INTO ORDER_CONTENTS VALUES(300,262,469,5801099828);
INSERT INTO ORDER_CONTENTS VALUES(301,702,523,5802551425);
INSERT INTO ORDER_CONTENTS VALUES(302,248,889,5819246819);
INSERT INTO ORDER_CONTENTS VALUES(303,936,452,5822342003);
INSERT INTO ORDER_CONTENTS VALUES(304,449,25,5833032876);
INSERT INTO ORDER_CONTENTS VALUES(305,288,431,5849836969);
INSERT INTO ORDER_CONTENTS VALUES(306,330,118,5883402708);
INSERT INTO ORDER_CONTENTS VALUES(307,963,118,5903087098);
INSERT INTO ORDER_CONTENTS VALUES(308,194,896,5944403546);
INSERT INTO ORDER_CONTENTS VALUES(309,839,643,5960425355);
INSERT INTO ORDER_CONTENTS VALUES(310,296,515,5975095342);
INSERT INTO ORDER_CONTENTS VALUES(311,305,330,5981062344);
INSERT INTO ORDER_CONTENTS VALUES(312,483,871,6032099836);
INSERT INTO ORDER_CONTENTS VALUES(313,356,972,6058051130);
INSERT INTO ORDER_CONTENTS VALUES(314,19,94,6071208102);
INSERT INTO ORDER_CONTENTS VALUES(315,917,696,6084539987);
INSERT INTO ORDER_CONTENTS VALUES(316,11,236,6097599428);
INSERT INTO ORDER_CONTENTS VALUES(317,113,801,6101912679);
INSERT INTO ORDER_CONTENTS VALUES(318,433,731,6109444859);
INSERT INTO ORDER_CONTENTS VALUES(319,889,89,6124405643);
INSERT INTO ORDER_CONTENTS VALUES(320,113,802,6151451290);
INSERT INTO ORDER_CONTENTS VALUES(321,584,774,6153588731);
INSERT INTO ORDER_CONTENTS VALUES(322,772,300,6185482594);
INSERT INTO ORDER_CONTENTS VALUES(323,261,537,6186391724);
INSERT INTO ORDER_CONTENTS VALUES(324,930,789,6236740327);
INSERT INTO ORDER_CONTENTS VALUES(325,788,459,6244377599);
INSERT INTO ORDER_CONTENTS VALUES(326,979,336,6272567374);
INSERT INTO ORDER_CONTENTS VALUES(327,472,136,6284915249);
INSERT INTO ORDER_CONTENTS VALUES(328,390,22,6310697517);
INSERT INTO ORDER_CONTENTS VALUES(329,791,462,6325698280);
INSERT INTO ORDER_CONTENTS VALUES(330,510,875,6325881748);
INSERT INTO ORDER_CONTENTS VALUES(331,156,886,6354441904);
INSERT INTO ORDER_CONTENTS VALUES(332,428,604,6377120879);
INSERT INTO ORDER_CONTENTS VALUES(333,898,316,6398005972);
INSERT INTO ORDER_CONTENTS VALUES(334,774,786,6402783850);
INSERT INTO ORDER_CONTENTS VALUES(335,817,795,6403119365);
INSERT INTO ORDER_CONTENTS VALUES(336,962,514,6416374272);
INSERT INTO ORDER_CONTENTS VALUES(337,135,622,6438532936);
INSERT INTO ORDER_CONTENTS VALUES(338,894,666,6448664366);
INSERT INTO ORDER_CONTENTS VALUES(339,246,123,6477031656);
INSERT INTO ORDER_CONTENTS VALUES(340,835,297,6503476762);
INSERT INTO ORDER_CONTENTS VALUES(341,93,89,6508177221);
INSERT INTO ORDER_CONTENTS VALUES(342,365,34,6599607277);
INSERT INTO ORDER_CONTENTS VALUES(343,777,698,6626317707);
INSERT INTO ORDER_CONTENTS VALUES(344,115,194,6648691168);
INSERT INTO ORDER_CONTENTS VALUES(345,661,630,6658421378);
INSERT INTO ORDER_CONTENTS VALUES(346,384,777,6693549329);
INSERT INTO ORDER_CONTENTS VALUES(347,221,65,6730475964);
INSERT INTO ORDER_CONTENTS VALUES(348,254,494,6734876352);
INSERT INTO ORDER_CONTENTS VALUES(349,409,794,6759227927);
INSERT INTO ORDER_CONTENTS VALUES(433,597,989,8412148940);
INSERT INTO ORDER_CONTENTS VALUES(434,443,785,8469611609);
INSERT INTO ORDER_CONTENTS VALUES(435,581,736,8480019343);
INSERT INTO ORDER_CONTENTS VALUES(436,373,433,8502301625);
INSERT INTO ORDER_CONTENTS VALUES(437,281,794,8512195916);
INSERT INTO ORDER_CONTENTS VALUES(438,126,105,8514429071);
INSERT INTO ORDER_CONTENTS VALUES(439,323,937,8525394687);
INSERT INTO ORDER_CONTENTS VALUES(440,840,906,8599665672);
INSERT INTO ORDER_CONTENTS VALUES(441,540,555,8606215691);
INSERT INTO ORDER_CONTENTS VALUES(442,246,197,8630008017);
INSERT INTO ORDER_CONTENTS VALUES(443,386,815,8634645136);
INSERT INTO ORDER_CONTENTS VALUES(444,480,931,8650950541);
INSERT INTO ORDER_CONTENTS VALUES(445,529,975,8655621564);
INSERT INTO ORDER_CONTENTS VALUES(446,184,19,8661699775);
INSERT INTO ORDER_CONTENTS VALUES(447,904,815,8686411431);
INSERT INTO ORDER_CONTENTS VALUES(448,963,571,8748815123);
INSERT INTO ORDER_CONTENTS VALUES(449,885,855,8811430353);
INSERT INTO ORDER_CONTENTS VALUES(450,587,589,8822643232);
INSERT INTO ORDER_CONTENTS VALUES(451,580,409,8822764594);
INSERT INTO ORDER_CONTENTS VALUES(452,240,182,8833196583);
INSERT INTO ORDER_CONTENTS VALUES(453,490,278,8859595913);
INSERT INTO ORDER_CONTENTS VALUES(454,811,470,8867287958);
INSERT INTO ORDER_CONTENTS VALUES(455,851,275,8867406674);
INSERT INTO ORDER_CONTENTS VALUES(456,875,288,8890438475);
INSERT INTO ORDER_CONTENTS VALUES(457,859,66,8917111282);
INSERT INTO ORDER_CONTENTS VALUES(458,152,696,8926686742);
INSERT INTO ORDER_CONTENTS VALUES(459,305,901,8941497251);
INSERT INTO ORDER_CONTENTS VALUES(460,103,860,8958726609);
INSERT INTO ORDER_CONTENTS VALUES(461,16,160,8960539508);
INSERT INTO ORDER_CONTENTS VALUES(462,976,128,9035251874);
INSERT INTO ORDER_CONTENTS VALUES(463,779,478,9070669049);
INSERT INTO ORDER_CONTENTS VALUES(464,58,297,9075882287);
INSERT INTO ORDER_CONTENTS VALUES(465,189,772,9120958127);
INSERT INTO ORDER_CONTENTS VALUES(466,994,241,9123970303);
INSERT INTO ORDER_CONTENTS VALUES(467,550,921,9139663343);
INSERT INTO ORDER_CONTENTS VALUES(468,786,812,9143247434);
INSERT INTO ORDER_CONTENTS VALUES(469,131,686,9217971776);
INSERT INTO ORDER_CONTENTS VALUES(470,476,553,9235414452);
INSERT INTO ORDER_CONTENTS VALUES(471,760,795,9255287609);
INSERT INTO ORDER_CONTENTS VALUES(472,829,602,9303703312);
INSERT INTO ORDER_CONTENTS VALUES(473,560,487,9304915683);
INSERT INTO ORDER_CONTENTS VALUES(474,220,450,9375521894);
INSERT INTO ORDER_CONTENTS VALUES(475,646,956,9416529436);
INSERT INTO ORDER_CONTENTS VALUES(476,334,442,9421675354);
INSERT INTO ORDER_CONTENTS VALUES(477,333,206,9428991369);
INSERT INTO ORDER_CONTENTS VALUES(478,618,326,9463227863);
INSERT INTO ORDER_CONTENTS VALUES(479,231,233,9491022843);
INSERT INTO ORDER_CONTENTS VALUES(480,735,686,9504762591);
INSERT INTO ORDER_CONTENTS VALUES(481,502,479,9522460540);
INSERT INTO ORDER_CONTENTS VALUES(482,496,7,9535528096);
INSERT INTO ORDER_CONTENTS VALUES(483,309,555,9551589516);
INSERT INTO ORDER_CONTENTS VALUES(484,890,191,9567671523);
INSERT INTO ORDER_CONTENTS VALUES(485,218,443,9572773535);
INSERT INTO ORDER_CONTENTS VALUES(486,742,324,9581404747);
INSERT INTO ORDER_CONTENTS VALUES(487,794,889,9626701258);
INSERT INTO ORDER_CONTENTS VALUES(488,950,938,9628681840);
INSERT INTO ORDER_CONTENTS VALUES(489,545,497,9672070569);
INSERT INTO ORDER_CONTENTS VALUES(490,753,377,9685425303);
INSERT INTO ORDER_CONTENTS VALUES(491,410,424,9766093266);
INSERT INTO ORDER_CONTENTS VALUES(492,82,882,9784621863);
INSERT INTO ORDER_CONTENTS VALUES(493,96,288,9796927127);
INSERT INTO ORDER_CONTENTS VALUES(494,436,297,9817640399);
INSERT INTO ORDER_CONTENTS VALUES(495,654,198,9890391504);
INSERT INTO ORDER_CONTENTS VALUES(496,147,192,9896826414);
INSERT INTO ORDER_CONTENTS VALUES(497,28,775,9918871982);
INSERT INTO ORDER_CONTENTS VALUES(498,498,139,9937885355);
INSERT INTO ORDER_CONTENTS VALUES(499,307,411,9961216581);
INSERT INTO ORDER_CONTENTS VALUES(500,751,789,9982634099);

INSERT INTO RENTAL VALUES(1,4158.25,'8/19/2019',3783607,182);
INSERT INTO RENTAL VALUES(2,1357.09,'10/4/2017',2095149,26);
INSERT INTO RENTAL VALUES(3,4454.06,'12/21/2017',9581474,72);
INSERT INTO RENTAL VALUES(4,5573.84,'10/4/2017',3546693,32);
INSERT INTO RENTAL VALUES(5,7165.15,'9/6/2017',6992154,87);
INSERT INTO RENTAL VALUES(6,1290.02,'4/28/2017',6220936,197);
INSERT INTO RENTAL VALUES(7,6704.55,'11/20/2019',6287027,29);
INSERT INTO RENTAL VALUES(8,5800.52,'11/15/2018',7106623,86);
INSERT INTO RENTAL VALUES(9,4170.81,'8/22/2018',2105519,177);
INSERT INTO RENTAL VALUES(10,7873.93,'12/15/2018',8607076,112);
INSERT INTO RENTAL VALUES(11,396.65,'4/3/2019',5628766,54);
INSERT INTO RENTAL VALUES(12,4033.22,'1/19/2019',9377274,191);
INSERT INTO RENTAL VALUES(13,144.50,'4/28/2017',2195681,189);
INSERT INTO RENTAL VALUES(14,2857.30,'3/16/2018',7087490,199);
INSERT INTO RENTAL VALUES(15,2680.04,'11/15/2018',1796821,146);
INSERT INTO RENTAL VALUES(16,1992.13,'7/5/2017',8378835,55);
INSERT INTO RENTAL VALUES(17,3821.58,'3/7/2017',7836821,73);
INSERT INTO RENTAL VALUES(18,724.80,'2/23/2018',1731943,181);
INSERT INTO RENTAL VALUES(19,8843.32,'5/3/2019',6186618,100);
INSERT INTO RENTAL VALUES(20,1125.77,'2/16/2019',9608234,61);
INSERT INTO RENTAL VALUES(21,5252.24,'1/19/2019',32574,15);
INSERT INTO RENTAL VALUES(22,3094.73,'3/6/2017',3530386,18);
INSERT INTO RENTAL VALUES(23,4705.19,'1/19/2019',3195209,188);
INSERT INTO RENTAL VALUES(24,3209.88,'4/28/2017',2987638,35);
INSERT INTO RENTAL VALUES(25,2379.98,'10/3/2017',6266699,194);
INSERT INTO RENTAL VALUES(26,9176.03,'4/5/2018',632687,72);
INSERT INTO RENTAL VALUES(27,2707.27,'9/7/2017',5883649,12);
INSERT INTO RENTAL VALUES(28,5955.36,'12/21/2017',9608234,30);
INSERT INTO RENTAL VALUES(29,4717.24,'5/18/2017',6898188,123);
INSERT INTO RENTAL VALUES(30,2133.60,'8/23/2018',1731943,115);
INSERT INTO RENTAL VALUES(31,3363.38,'12/18/2018',6259284,89);
INSERT INTO RENTAL VALUES(32,9809.86,'5/18/2017',6389665,193);
INSERT INTO RENTAL VALUES(33,5753.81,'7/10/2019',6814598,129);
INSERT INTO RENTAL VALUES(34,2800.92,'9/6/2017',5431571,105);
INSERT INTO RENTAL VALUES(35,7480.87,'8/24/2018',8851729,42);
INSERT INTO RENTAL VALUES(36,6170.60,'6/21/2017',8434146,148);
INSERT INTO RENTAL VALUES(37,1474.08,'3/26/2019',2720190,62);
INSERT INTO RENTAL VALUES(38,5162.64,'10/21/2018',8060146,166);
INSERT INTO RENTAL VALUES(39,2263.87,'7/25/2018',8433011,17);
INSERT INTO RENTAL VALUES(40,6954.35,'6/21/2017',1098703,151);
INSERT INTO RENTAL VALUES(41,2712.51,'11/23/2017',7392906,197);
INSERT INTO RENTAL VALUES(42,3798.98,'6/24/2018',6220936,99);
INSERT INTO RENTAL VALUES(43,2508.91,'6/21/2017',1392965,91);
INSERT INTO RENTAL VALUES(44,367.13,'2/16/2019',7927037,51);
INSERT INTO RENTAL VALUES(45,980.94,'10/4/2017',3795858,190);
INSERT INTO RENTAL VALUES(46,4420.32,'4/30/2019',8434146,192);
INSERT INTO RENTAL VALUES(47,8568.18,'4/26/2017',9337735,35);
INSERT INTO RENTAL VALUES(48,6606.32,'12/15/2018',2346871,75);
INSERT INTO RENTAL VALUES(49,6647.47,'7/5/2017',6274441,21);
INSERT INTO RENTAL VALUES(50,8199.51,'2/10/2018',8695651,190);
INSERT INTO RENTAL VALUES(51,4807.19,'3/5/2019',5151279,150);
INSERT INTO RENTAL VALUES(52,8538.65,'3/6/2017',6389886,159);
INSERT INTO RENTAL VALUES(53,7286.63,'4/3/2019',7606547,62);
INSERT INTO RENTAL VALUES(54,6225.32,'11/15/2018',5863072,154);
INSERT INTO RENTAL VALUES(55,2858.48,'7/11/2018',5721955,55);
INSERT INTO RENTAL VALUES(56,2664.70,'6/21/2017',6394449,78);
INSERT INTO RENTAL VALUES(57,5552.74,'10/20/2017',3380486,114);
INSERT INTO RENTAL VALUES(58,7518.07,'12/18/2018',1062614,191);
INSERT INTO RENTAL VALUES(59,3470.43,'3/7/2017',1485319,98);
INSERT INTO RENTAL VALUES(60,4518.15,'9/6/2019',9538888,32);
INSERT INTO RENTAL VALUES(61,8278.59,'3/5/2019',8624020,162);
INSERT INTO RENTAL VALUES(62,8165.53,'1/10/2019',287738,133);
INSERT INTO RENTAL VALUES(63,2416.67,'3/6/2017',6115011,69);
INSERT INTO RENTAL VALUES(64,5500.96,'3/27/2017',6057539,193);
INSERT INTO RENTAL VALUES(65,8675.43,'1/1/2019',8378835,54);
INSERT INTO RENTAL VALUES(66,9353.74,'7/3/2019',8433011,69);
INSERT INTO RENTAL VALUES(67,2653.87,'10/21/2018',7449857,53);
INSERT INTO RENTAL VALUES(68,3666.40,'2/23/2018',9194564,127);
INSERT INTO RENTAL VALUES(69,2117.86,'2/21/2019',9703422,40);
INSERT INTO RENTAL VALUES(70,3557.68,'7/19/2019',1494676,45);
INSERT INTO RENTAL VALUES(71,4972.68,'12/4/2017',2005883,136);
INSERT INTO RENTAL VALUES(72,4893.43,'3/18/2017',5883649,171);
INSERT INTO RENTAL VALUES(73,385.95,'4/20/2019',6389665,48);
INSERT INTO RENTAL VALUES(74,8192.10,'5/3/2019',5071102,192);
INSERT INTO RENTAL VALUES(75,4465.94,'3/8/2017',4915733,189);
INSERT INTO RENTAL VALUES(76,2549.42,'2/23/2018',8273742,55);
INSERT INTO RENTAL VALUES(77,4030.77,'12/8/2017',5864839,136);
INSERT INTO RENTAL VALUES(92,989.33,'11/15/2018',5597728,139);
INSERT INTO RENTAL VALUES(93,3713.11,'9/6/2017',3118174,120);
INSERT INTO RENTAL VALUES(94,7262.84,'11/23/2017',4872505,34);
INSERT INTO RENTAL VALUES(95,1835.30,'1/8/2017',5207514,115);
INSERT INTO RENTAL VALUES(96,7071.62,'12/4/2017',3377384,166);
INSERT INTO RENTAL VALUES(97,6892.14,'12/8/2017',579548,200);
INSERT INTO RENTAL VALUES(98,8646.25,'8/9/2019',8624020,61);
INSERT INTO RENTAL VALUES(99,6266.31,'1/8/2018',3043080,184);
INSERT INTO RENTAL VALUES(100,6169.72,'3/3/2018',5887161,72);

INSERT INTO STOCK_INVENTORY VALUES(1,'1/1/2018',344,873667784,11);
INSERT INTO STOCK_INVENTORY VALUES(2,'4/17/2018',299,167939037,26);
INSERT INTO STOCK_INVENTORY VALUES(3,'1/17/2018',124,407908009,13);
INSERT INTO STOCK_INVENTORY VALUES(4,'10/22/2018',140,554684372,23);
INSERT INTO STOCK_INVENTORY VALUES(5,'4/10/2019',176,765594065,15);
INSERT INTO STOCK_INVENTORY VALUES(6,'11/18/2019',84,3490815,13);
INSERT INTO STOCK_INVENTORY VALUES(7,'12/12/2017',380,128269983,24);
INSERT INTO STOCK_INVENTORY VALUES(8,'3/19/2018',137,532582551,2);
INSERT INTO STOCK_INVENTORY VALUES(9,'3/29/2019',382,843840642,4);
INSERT INTO STOCK_INVENTORY VALUES(10,'7/10/2019',183,570124221,8);
INSERT INTO STOCK_INVENTORY VALUES(11,'6/23/2017',347,254576826,1);
INSERT INTO STOCK_INVENTORY VALUES(12,'3/17/2017',351,254576826,19);
INSERT INTO STOCK_INVENTORY VALUES(13,'7/14/2019',451,167939037,26);
INSERT INTO STOCK_INVENTORY VALUES(14,'5/28/2018',6,704316284,13);
INSERT INTO STOCK_INVENTORY VALUES(15,'3/25/2019',425,758455966,20);
INSERT INTO STOCK_INVENTORY VALUES(16,'12/3/2018',384,258346627,24);
INSERT INTO STOCK_INVENTORY VALUES(17,'12/5/2017',387,758455966,21);
INSERT INTO STOCK_INVENTORY VALUES(18,'4/4/2017',58,758455966,18);
INSERT INTO STOCK_INVENTORY VALUES(19,'4/14/2017',142,437839222,20);
INSERT INTO STOCK_INVENTORY VALUES(20,'2/28/2019',133,196025570,20);
INSERT INTO STOCK_INVENTORY VALUES(21,'2/7/2017',424,512628281,18);
INSERT INTO STOCK_INVENTORY VALUES(60,'9/29/2019',175,783549158,1);
INSERT INTO STOCK_INVENTORY VALUES(61,'5/4/2019',10,469125628,8);
INSERT INTO STOCK_INVENTORY VALUES(62,'12/23/2018',159,573569394,13);
INSERT INTO STOCK_INVENTORY VALUES(63,'3/19/2018',468,381696743,13);
INSERT INTO STOCK_INVENTORY VALUES(64,'9/16/2017',401,218785454,23);
INSERT INTO STOCK_INVENTORY VALUES(65,'9/10/2018',4,695401184,22);
INSERT INTO STOCK_INVENTORY VALUES(66,'9/24/2019',460,758455966,11);
INSERT INTO STOCK_INVENTORY VALUES(67,'2/3/2018',185,272414269,24);
INSERT INTO STOCK_INVENTORY VALUES(68,'4/8/2017',340,668027406,5);
INSERT INTO STOCK_INVENTORY VALUES(69,'6/11/2019',12,935682129,19);
INSERT INTO STOCK_INVENTORY VALUES(70,'1/8/2017',496,437839222,14);
INSERT INTO STOCK_INVENTORY VALUES(71,'9/11/2017',278,196025570,8);
INSERT INTO STOCK_INVENTORY VALUES(72,'8/30/2019',248,469125628,26);
INSERT INTO STOCK_INVENTORY VALUES(73,'8/10/2017',95,573569394,3);
INSERT INTO STOCK_INVENTORY VALUES(74,'5/14/2018',362,437839222,22);
INSERT INTO STOCK_INVENTORY VALUES(75,'6/19/2019',366,423697266,5);
INSERT INTO STOCK_INVENTORY VALUES(76,'10/20/2018',238,757632552,18);
INSERT INTO STOCK_INVENTORY VALUES(77,'5/17/2019',88,572005939,18);
INSERT INTO STOCK_INVENTORY VALUES(78,'8/11/2019',402,949578310,26);
INSERT INTO STOCK_INVENTORY VALUES(79,'2/9/2018',220,14404817,21);
INSERT INTO STOCK_INVENTORY VALUES(80,'10/18/2019',197,407908009,9);
INSERT INTO STOCK_INVENTORY VALUES(81,'2/16/2019',12,29698160,9);
INSERT INTO STOCK_INVENTORY VALUES(82,'11/5/2019',337,634638980,17);
INSERT INTO STOCK_INVENTORY VALUES(83,'2/9/2018',168,254576826,14);
INSERT INTO STOCK_INVENTORY VALUES(84,'6/18/2018',322,769887523,20);
INSERT INTO STOCK_INVENTORY VALUES(85,'12/17/2017',334,254576826,15);
INSERT INTO STOCK_INVENTORY VALUES(86,'3/24/2017',100,128269983,26);
INSERT INTO STOCK_INVENTORY VALUES(87,'6/5/2018',19,704316284,13);
INSERT INTO STOCK_INVENTORY VALUES(88,'10/17/2018',249,338376153,6);
INSERT INTO STOCK_INVENTORY VALUES(89,'3/3/2018',21,384525528,1);
INSERT INTO STOCK_INVENTORY VALUES(90,'1/29/2019',432,312175484,25);
INSERT INTO STOCK_INVENTORY VALUES(91,'8/23/2019',220,423697266,14);
INSERT INTO STOCK_INVENTORY VALUES(92,'12/30/2018',353,809465589,18);
INSERT INTO STOCK_INVENTORY VALUES(93,'12/20/2017',360,668027406,3);
INSERT INTO STOCK_INVENTORY VALUES(94,'8/8/2017',271,3490815,11);
INSERT INTO STOCK_INVENTORY VALUES(95,'9/8/2019',370,272414269,2);
INSERT INTO STOCK_INVENTORY VALUES(96,'4/20/2019',198,720491056,9);
INSERT INTO STOCK_INVENTORY VALUES(97,'3/3/2017',407,258346627,18);
INSERT INTO STOCK_INVENTORY VALUES(98,'5/20/2018',250,805305573,14);
INSERT INTO STOCK_INVENTORY VALUES(99,'11/5/2017',53,246517543,23);
INSERT INTO STOCK_INVENTORY VALUES(100,'11/22/2018',282,203990915,26);
