DROP TABLE IF EXISTS RENTAL;
DROP TABLE IF EXISTS VENUE;
DROP TABLE IF EXISTS ORDER_CONTENTS;
DROP TABLE IF EXISTS ORDERS;
DROP TABLE IF EXISTS CUSTOMER;
DROP TABLE IF EXISTS WINE_BOTTLE;
DROP TABLE IF EXISTS WINE_TYPE;
DROP TABLE IF EXISTS STOCK_INVENTORY;
DROP TABLE IF EXISTS WINE_CELLAR;
DROP TABLE IF EXISTS EMPLOYEE;
DROP TABLE IF EXISTS WINERY;



Create table WINERY
(
Winery_ID int not null AUTO_INCREMENT, 
Name varchar(50), 
Owner_Fname varchar(20), Owner_Lname varchar(30), 
Primary key(Winery_ID)
);

Create table EMPLOYEE
(
Emp_ID int not null AUTO_INCREMENT, 
Fname varchar(20), Lname varchar(30), 
Super_Emp_ID int, 
Winery_ID int, 
Primary key(Emp_ID), 
Foreign key(Winery_ID) references WINERY(Winery_ID), 
Foreign key(Super_Emp_ID) references EMPLOYEE(Emp_ID)
);

Create table WINE_CELLAR
(
Cellar_ID int not null AUTO_INCREMENT, 
Name varchar(20), 
Winery_ID int, 
Primary key(Cellar_ID), 
Foreign key(Winery_ID) references WINERY(Winery_ID)
);

Create table STOCK_INVENTORY
(
Stock_inventory_id int not null AUTO_INCREMENT, 
Date date, 
Num_bottles int, 
Emp_ID int not null, 
Cellar_ID int not null, 
Primary key(Stock_inventory_id), 
Foreign key(Emp_ID) references EMPLOYEE(Emp_ID),
Foreign key(Cellar_ID) references WINE_CELLAR(Cellar_ID)
);

Create table WINE_TYPE
(
Wine_Type_ID int not null AUTO_INCREMENT, 
Grape_Variety varchar (20), 
Color varchar(5) not null, 
Tier varchar(20), 
Primary key(Wine_Type_ID)
);

Create table WINE_BOTTLE
(
Wine_Bottle_ID int not null AUTO_INCREMENT, 
Name varchar(20) not null, 
Year int, 
Rating int, 
Alcohol_Content decimal(4, 2), 
Volume decimal(7, 2), 
Unit_Price decimal(7, 2), 
Cellar_ID int, 
Wine_Type_ID int, 
CHECK (Alcohol_Content BETWEEN 0.00 AND 30.00), 
CHECK (Volume >= 0), 
CHECK (Unit_Price >= 0), 
Primary key(Wine_Bottle_ID), 
Foreign key(Wine_Type_ID) references WINE_TYPE(Wine_Type_ID), 
Foreign key(Cellar_ID) references WINE_CELLAR(Cellar_ID)
);

Create table CUSTOMER
(
Customer_ID int not null AUTO_INCREMENT, 
Fname varchar(20), Lname varchar(20), 
Primary key(Customer_ID)
);

Create table ORDERS
(
Order_ID int not null AUTO_INCREMENT, 
Date date not null, 
Discount decimal(4, 2), 
Customer_ID int not null, 
CHECK (Discount BETWEEN 0.00 AND 100.00), 
Primary key(Order_ID), 
Foreign key(Customer_ID) references CUSTOMER(Customer_ID)
);

Create table ORDER_CONTENTS
(
Order_Contents_ID int not null AUTO_INCREMENT, 
Quantity int not null, 
Wine_Bottle_ID int not null, 
Order_ID int not null, 
Primary key(Order_Contents_ID), 
Foreign key(Wine_Bottle_ID) references WINE_BOTTLE(Wine_Bottle_ID), 
Foreign key(Order_ID) references ORDERS(Order_ID)
);

Create table VENUE
(
Venue_ID int not null AUTO_INCREMENT, 
Name varchar(20), 
Seating_Cap int, 
Dimensions decimal(7, 2), 
Winery_ID int not null, 
CHECK (Dimensions > 0), 
Primary key(Venue_ID), 
Foreign key(Winery_ID) references WINERY(Winery_ID)
);

Create table RENTAL
(
Rental_ID int not null AUTO_INCREMENT, 
Price decimal(6, 2) not null, 
Date date not null, 
Customer_ID int not null, 
Venue_ID int not null, 
CHECK (Price >= 0), 
Primary key(Rental_ID), 
Foreign key(Customer_ID) references CUSTOMER(Customer_ID), 
Foreign key(Venue_ID) references VENUE(Venue_ID)
);

INSERT INTO WINERY VALUES(1, 'Columbia Winery', 'Ursula', 'Lagadu');
INSERT INTO WINERY VALUES(2, 'Long Shadows', 'Elsa', 'Golitzin');
INSERT INTO WINERY VALUES(3, 'Chateau Ste. Michelle', 'Peter', 'Beswell');
INSERT INTO WINERY VALUES(4, 'Avennia', 'Alexander ', 'Vinall');
INSERT INTO WINERY VALUES(5, 'Abeja', 'Thomas', 'Blonfield');
INSERT INTO WINERY VALUES(6, 'Delille Cellars', 'Christopher', 'McKevany');

INSERT INTO EMPLOYEE VALUES(695051156, 'Jose', 'Halls', NULL, 1);
INSERT INTO EMPLOYEE VALUES(809465589, 'Nat', 'Drever', 695051156, 1);
INSERT INTO EMPLOYEE VALUES(704316284, 'Geri', 'Morot', 695051156, 1);
INSERT INTO EMPLOYEE VALUES(218785454, 'Othilie', 'Manders', 695051156, 1);
INSERT INTO EMPLOYEE VALUES(704932965, 'Kiley', 'Giacobelli', 695051156, 1);
INSERT INTO EMPLOYEE VALUES(572005939, 'Stern', 'Liddel', 695051156, 1);
INSERT INTO EMPLOYEE VALUES(384525528, 'Bonita', 'Brisker', 695051156, 1);
INSERT INTO EMPLOYEE VALUES(512628281, 'Amanda', 'Parsons', NULL, 2);
INSERT INTO EMPLOYEE VALUES(212608540, 'Tami', 'Martinie', 512628281, 2);
INSERT INTO EMPLOYEE VALUES(303161176, 'Shoshanna', 'Antoniewski', 512628281, 2);
INSERT INTO EMPLOYEE VALUES(206707146, 'Irwin', 'Goter', 512628281, 2);
INSERT INTO EMPLOYEE VALUES(116856221, 'Cyndi', 'Domico', 512628281, 2);
INSERT INTO EMPLOYEE VALUES(381696743, 'Flory', 'Scoles', 512628281, 2);
INSERT INTO EMPLOYEE VALUES(984680868, 'Shaila', 'Pruchetto', NULL, 3);
INSERT INTO EMPLOYEE VALUES(167939037, 'Porta', 'Conechie', 984680868, 3);
INSERT INTO EMPLOYEE VALUES(451980467, 'Avie', 'Anetts', 984680868, 3);
INSERT INTO EMPLOYEE VALUES(423697266, 'Kip', 'Alfonsetti', 984680868, 3);
INSERT INTO EMPLOYEE VALUES(757632552, 'Ethelyn', 'Bew', 984680868, 3);
INSERT INTO EMPLOYEE VALUES(313729330, 'Sheri', 'Werner', 984680868, 3);
INSERT INTO EMPLOYEE VALUES(499797857, 'Ebenezer', 'Jaeggi', 984680868, 3);
INSERT INTO EMPLOYEE VALUES(410029289, 'Corinne', 'Tamplin', 984680868, 3);
INSERT INTO EMPLOYEE VALUES(977408772, 'Phylis', 'Tevelov', 984680868, 3);
INSERT INTO EMPLOYEE VALUES(485659359, 'Ruprecht', 'Thacke', 984680868, 3);
INSERT INTO EMPLOYEE VALUES(272414269, 'Conner', 'Vaux', NULL, 4);
INSERT INTO EMPLOYEE VALUES(662856531, 'Marcy', 'Peasee', 272414269, 4);
INSERT INTO EMPLOYEE VALUES(3490815, 'Druci', 'McLucas', 272414269, 4);
INSERT INTO EMPLOYEE VALUES(29698160, 'Jo', 'Halls', 272414269, 4);
INSERT INTO EMPLOYEE VALUES(363334832, 'Adrea', 'Kilshall', 272414269, 4);
INSERT INTO EMPLOYEE VALUES(223036684, 'Kenon', 'Ghidini', 272414269, 4);
INSERT INTO EMPLOYEE VALUES(289179157, 'Grove', 'Dutson', 272414269, 4);
INSERT INTO EMPLOYEE VALUES(10475538, 'Kelcy', 'Blindt', 272414269, 4);
INSERT INTO EMPLOYEE VALUES(634638980, 'Bibbie', 'Verrell', 272414269, 4);
INSERT INTO EMPLOYEE VALUES(536364213, 'Barbara', 'Gonzales', NULL, 5);
INSERT INTO EMPLOYEE VALUES(873667784, 'Kellyann', 'Oret', 536364213, 5);
INSERT INTO EMPLOYEE VALUES(312175484, 'Joyous', 'Vandrill', 536364213, 5);
INSERT INTO EMPLOYEE VALUES(769887523, 'Nadia', 'Picheford', 536364213, 5);
INSERT INTO EMPLOYEE VALUES(334692676, 'Klara', 'Maddicks', 536364213, 5);
INSERT INTO EMPLOYEE VALUES(128269983, 'Kati', 'Simioni', 536364213, 5);
INSERT INTO EMPLOYEE VALUES(162473645, 'Evelina', 'Youd', 536364213, 5);
INSERT INTO EMPLOYEE VALUES(30776885, 'Carolina', 'Libby', 536364213, 5);
INSERT INTO EMPLOYEE VALUES(62446700, 'Modesty', 'Percifull', 536364213, 5);
INSERT INTO EMPLOYEE VALUES(103193439, 'Brit', 'Bownd', 536364213, 5);

INSERT INTO WINE_CELLAR VALUES(1, 'Oxbe', 1);
INSERT INTO WINE_CELLAR VALUES(2, 'Thomann', 1);
INSERT INTO WINE_CELLAR VALUES(3, 'Marskell', 1);
INSERT INTO WINE_CELLAR VALUES(4, 'Lempertz', 1);
INSERT INTO WINE_CELLAR VALUES(5, 'Ferrey', 2);
INSERT INTO WINE_CELLAR VALUES(6, 'Radeliffe', 6);
INSERT INTO WINE_CELLAR VALUES(7, 'Betun', 6);
INSERT INTO WINE_CELLAR VALUES(8, 'Guyon', 2);
INSERT INTO WINE_CELLAR VALUES(9, 'Tosney', 3);
INSERT INTO WINE_CELLAR VALUES(10, 'Croley', 3);
INSERT INTO WINE_CELLAR VALUES(11, 'Palfery', 3);
INSERT INTO WINE_CELLAR VALUES(12, 'Verheyden', 3);
INSERT INTO WINE_CELLAR VALUES(13, 'Spearman', 4);
INSERT INTO WINE_CELLAR VALUES(14, 'Bartak', 5);
INSERT INTO WINE_CELLAR VALUES(15, 'Lambdean', 5);

INSERT INTO STOCK_INVENTORY VALUES(1, STR_TO_DATE('01/01/2018', '%m/%d/%Y'), 344, 873667784, 1);
INSERT INTO STOCK_INVENTORY VALUES(2, STR_TO_DATE('4/17/2018', '%m/%d/%Y'), 299, 167939037, 2);
INSERT INTO STOCK_INVENTORY VALUES(6, STR_TO_DATE('11/18/2019', '%m/%d/%Y'), 84, 3490815, 3);
INSERT INTO STOCK_INVENTORY VALUES(7, STR_TO_DATE('12/12/2017', '%m/%d/%Y'), 380, 128269983, 4);
INSERT INTO STOCK_INVENTORY VALUES(13, STR_TO_DATE('7/14/2019', '%m/%d/%Y'), 451, 167939037, 5);
INSERT INTO STOCK_INVENTORY VALUES(14, STR_TO_DATE('5/28/2018', '%m/%d/%Y'), 6, 704316284, 1);
INSERT INTO STOCK_INVENTORY VALUES(21, STR_TO_DATE('2/7/2017', '%m/%d/%Y'), 424, 512628281, 2);
INSERT INTO STOCK_INVENTORY VALUES(63, STR_TO_DATE('3/19/2018', '%m/%d/%Y'), 468, 381696743, 8);
INSERT INTO STOCK_INVENTORY VALUES(64, STR_TO_DATE('9/16/2017', '%m/%d/%Y'), 401, 218785454, 9);

INSERT INTO WINE_TYPE VALUES(1, 'Riesling', 'Rose', 'Production');
INSERT INTO WINE_TYPE VALUES(2, 'Riesling', 'Rose', 'Distribution');
INSERT INTO WINE_TYPE VALUES(3, 'Riesling', 'Rose', 'Retail');
INSERT INTO WINE_TYPE VALUES(4, 'Riesling', 'White', 'Production');
INSERT INTO WINE_TYPE VALUES(5, 'Chardonnay', 'Rose', 'Production');
INSERT INTO WINE_TYPE VALUES(6, 'Chardonnay', 'Rose', 'Distribution');
INSERT INTO WINE_TYPE VALUES(7, 'Chardonnay', 'Rose', 'Retail');
INSERT INTO WINE_TYPE VALUES(8, 'Chardonnay', 'Red', 'Retail');
INSERT INTO WINE_TYPE VALUES(9, 'Sauvignon Blanc', 'White', 'Retail');
INSERT INTO WINE_TYPE VALUES(10, 'Sauvignon Blanc', 'Red', 'Production');
INSERT INTO WINE_TYPE VALUES(11, 'Sauvignon Blanc', 'Red', 'Distribution');
INSERT INTO WINE_TYPE VALUES(12, 'Sauvignon Blanc', 'Red', 'Retail');
INSERT INTO WINE_TYPE VALUES(13, 'Gewurztraminer', 'Rose', 'Production');
INSERT INTO WINE_TYPE VALUES(14, 'Gewurztraminer', 'Rose', 'Distribution');
INSERT INTO WINE_TYPE VALUES(15, 'Gewurztraminer', 'Rose', 'Retail');
INSERT INTO WINE_TYPE VALUES(16, 'Gewurztraminer', 'White', 'Production');
INSERT INTO WINE_TYPE VALUES(17, 'Semillon', 'Rose', 'Distribution');
INSERT INTO WINE_TYPE VALUES(18, 'Semillon', 'Rose', 'Retail');
INSERT INTO WINE_TYPE VALUES(19, 'Semillon', 'White', 'Production');
INSERT INTO WINE_TYPE VALUES(20, 'Semillon', 'White', 'Distribution');
INSERT INTO WINE_TYPE VALUES(21, 'Semillon', 'White', 'Retail');
INSERT INTO WINE_TYPE VALUES(22, 'Semillon', 'Red', 'Production');
INSERT INTO WINE_TYPE VALUES(23, 'Semillon', 'Red', 'Distribution');
INSERT INTO WINE_TYPE VALUES(24, 'Semillon', 'Red', 'Retail');
INSERT INTO WINE_TYPE VALUES(25, 'Cabernet Franc', 'White', 'Production');
INSERT INTO WINE_TYPE VALUES(26, 'Cabernet Franc', 'White', 'Distribution');
INSERT INTO WINE_TYPE VALUES(27, 'Cabernet Franc', 'White', 'Retail');
INSERT INTO WINE_TYPE VALUES(28, 'Cabernet Franc', 'Red', 'Production');
INSERT INTO WINE_TYPE VALUES(29, 'Cabernet Franc', 'Red', 'Distribution');
INSERT INTO WINE_TYPE VALUES(30, 'Cabernet Franc', 'Red', 'Retail');
INSERT INTO WINE_TYPE VALUES(31, 'Malbec', 'Rose', 'Production');
INSERT INTO WINE_TYPE VALUES(32, 'Malbec', 'White', 'Production');
INSERT INTO WINE_TYPE VALUES(33, 'Malbec', 'White', 'Distribution');
INSERT INTO WINE_TYPE VALUES(34, 'Malbec', 'White', 'Retail');
INSERT INTO WINE_TYPE VALUES(35, 'Malbec', 'Red', 'Production');
INSERT INTO WINE_TYPE VALUES(36, 'Malbec', 'Red', 'Distribution');
INSERT INTO WINE_TYPE VALUES(37, 'Malbec', 'Red', 'Retail');
INSERT INTO WINE_TYPE VALUES(38, 'Pinot Noir', 'Rose', 'Production');
INSERT INTO WINE_TYPE VALUES(39, 'Pinot Noir', 'White', 'Production');
INSERT INTO WINE_TYPE VALUES(40, 'Pinot Noir', 'White', 'Distribution');
INSERT INTO WINE_TYPE VALUES(41, 'Pinot Noir', 'White', 'Retail');

INSERT INTO WINE_BOTTLE VALUES(1, 'quam', 1993, 0, 14.10, 15000.00, 6608.10, 1, 1);
INSERT INTO WINE_BOTTLE VALUES(2, 'eu', 2002, 11, 12.80, 9000.00, 3115.87, 2, 2);
INSERT INTO WINE_BOTTLE VALUES(3, 'auctor gravida', 1986, 18, 12.10, 4500.00, 9159.63, 3, 3);
INSERT INTO WINE_BOTTLE VALUES(4, 'fusce', 2011, 77, 6.60, 1500.00, 96.79, 4, 4);
INSERT INTO WINE_BOTTLE VALUES(5, 'volutpat quam', 2016, 92, 11.90, 3000.00, 1165.36, 5, 5);
INSERT INTO WINE_BOTTLE VALUES(6, 'id ligula', 1987, 53, 7.00, 3000.00, 8893.76, 6, 6);
INSERT INTO WINE_BOTTLE VALUES(7, 'at', 1982, 51, 8.50, 750.00, 7694.95, 7, 7);
INSERT INTO WINE_BOTTLE VALUES(8, 'varius', 2005, 55, 7.80, 9000.00, 82.59, 8, 8);
INSERT INTO WINE_BOTTLE VALUES(9, 'mauris vulputate', 1981, 15, 10.40, 9000.00, 1293.44, 9, 9);
INSERT INTO WINE_BOTTLE VALUES(10, 'lorem', 2002, 10, 14.60, 187.50, 262.48, 10, 10);
INSERT INTO WINE_BOTTLE VALUES(11, 'tincidunt ante', 1989, 63, 13.40, 187.50, 3036.83, 11, 11);
INSERT INTO WINE_BOTTLE VALUES(12, 'integer', 1996, 44, 9.70, 187.50, 197.01, 12, 12);
INSERT INTO WINE_BOTTLE VALUES(13, 'lobortis ligula', 2009, 64, 7.70, 1500.00, 5689.85, 13, 13);
INSERT INTO WINE_BOTTLE VALUES(14, 'diam', 2010, 65, 12.30, 15000.00, 1959.54, 14, 14);
INSERT INTO WINE_BOTTLE VALUES(15, 'donec', 1988, 64, 10.90, 3000.00, 4363.96, 15, 15);
INSERT INTO WINE_BOTTLE VALUES(16, 'non', 1994, 91, 9.30, 375.00, 4068.74, 3, 16);
INSERT INTO WINE_BOTTLE VALUES(17, 'vivamus', 2008, 15, 10.70, 187.50, 5795.69, 14, 17);
INSERT INTO WINE_BOTTLE VALUES(18, 'vel dapibus', 1990, 60, 12.80, 9000.00, 4780.22, 2, 18);
INSERT INTO WINE_BOTTLE VALUES(19, 'in lectus', 1985, 51, 6.70, 3000.00, 6139.92, 15, 1);
INSERT INTO WINE_BOTTLE VALUES(20, 'donec', 2008, 91, 14.20, 12000.00, 5855.99, 14, 2);
INSERT INTO WINE_BOTTLE VALUES(21, 'posuere cubilia', 1995, 51, 11.90, 187.50, 5407.82, 2, 3);
INSERT INTO WINE_BOTTLE VALUES(22, 'vestibulum sed', 2018, 50, 10.50, 375.00, 6889.18, 8, 4);
INSERT INTO WINE_BOTTLE VALUES(23, 'erat', 2002, 42, 6.50, 6000.00, 6957.14, 6, 5);
INSERT INTO WINE_BOTTLE VALUES(24, 'orci mauris', 2004, 18, 12.80, 750.00, 1601.47, 1, 6);
INSERT INTO WINE_BOTTLE VALUES(25, 'a', 1984, 98, 9.60, 1000.00, 2489.28, 8, 7);
INSERT INTO WINE_BOTTLE VALUES(695, 'est quam', 1992, 10, 6.80, 1000.00, 5280.63, 7, 8);
INSERT INTO WINE_BOTTLE VALUES(696, 'blandit', 2015, 20, 9.80, 4500.00, 1211.35, 13, 9);
INSERT INTO WINE_BOTTLE VALUES(697, 'donec', 2005, 93, 15.40, 6000.00, 2056.14, 4, 10);
INSERT INTO WINE_BOTTLE VALUES(698, 'vivamus vestibulum', 2002, 16, 7.50, 4500.00, 9076.69, 10, 11);
INSERT INTO WINE_BOTTLE VALUES(699, 'vel dapibus', 1981, 44, 6.50, 15000.00, 2413.54, 14, 12);
INSERT INTO WINE_BOTTLE VALUES(700, 'hac habitasse', 2001, 40, 15.00, 1000.00, 7275.86, 14, 13);
INSERT INTO WINE_BOTTLE VALUES(701, 'nec', 1991, 37, 8.20, 1000.00, 6412.17, 8, 14);
INSERT INTO WINE_BOTTLE VALUES(702, 'quam', 1998, 14, 12.60, 15000.00, 6529.47, 10, 11);
INSERT INTO WINE_BOTTLE VALUES(703, 'feugiat', 2015, 39, 12.40, 750.00, 3212.50, 5, 37);
INSERT INTO WINE_BOTTLE VALUES(704, 'tortor eu', 1997, 30, 7.50, 187.50, 41.87, 12, 7);
INSERT INTO WINE_BOTTLE VALUES(705, 'accumsan odio', 2003, 43, 11.30, 375.00, 5786.59, 4, 21);
INSERT INTO WINE_BOTTLE VALUES(706, 'eros viverra', 2003, 3, 14.60, 187.50, 8852.87, 6, 34);
INSERT INTO WINE_BOTTLE VALUES(707, 'aliquam', 2001, 64, 13.20, 3000.00, 6859.11, 13, 40);
INSERT INTO WINE_BOTTLE VALUES(708, 'nec', 1983, 72, 13.80, 1000.00, 613.07, 9, 4);
INSERT INTO WINE_BOTTLE VALUES(709, 'eu nibh', 1990, 53, 10.30, 4500.00, 4073.75, 14, 12);
INSERT INTO WINE_BOTTLE VALUES(710, 'sit', 2017, 51, 13.70, 1000.00, 9818.71, 12, 33);
INSERT INTO WINE_BOTTLE VALUES(711, 'libero non', 1992, 93, 14.90, 12000.00, 1129.77, 15, 23);
INSERT INTO WINE_BOTTLE VALUES(712, 'libero convallis', 2008, 2, 7.30, 4500.00, 4262.53, 6, 35);
INSERT INTO WINE_BOTTLE VALUES(713, 'rutrum rutrum', 2005, 36, 12.60, 4500.00, 5413.11, 12, 34);
INSERT INTO WINE_BOTTLE VALUES(714, 'maecenas tincidunt', 1980, 57, 10.90, 750.00, 4215.78, 7, 13);
INSERT INTO WINE_BOTTLE VALUES(715, 'est quam', 2002, 60, 10.70, 9000.00, 8437.81, 15, 11);
INSERT INTO WINE_BOTTLE VALUES(716, 'donec', 1990, 45, 13.10, 750.00, 572.25, 14, 34);
INSERT INTO WINE_BOTTLE VALUES(717, 'ultrices posuere', 1985, 38, 9.90, 375.00, 4476.46, 13, 20);
INSERT INTO WINE_BOTTLE VALUES(727, 'nisi nam', 1982, 8, 6.10, 187.50, 4100.27, 3, 21);
INSERT INTO WINE_BOTTLE VALUES(728, 'odio consequat', 1998, 60, 10.90, 375.00, 9001.37, 9, 25);
INSERT INTO WINE_BOTTLE VALUES(729, 'ante ipsum', 2017, 38, 7.40, 9000.00, 2624.08, 8, 14);

INSERT INTO CUSTOMER VALUES(996098691, 'Meggy', 'Poland');
INSERT INTO CUSTOMER VALUES(428521, 'Courtenay', 'Kumaar');
INSERT INTO CUSTOMER VALUES(7889904, 'Wyn', 'Ickeringill');
INSERT INTO CUSTOMER VALUES(3057543, 'Winnah', 'Penright');
INSERT INTO CUSTOMER VALUES(2487525, 'Kristyn', 'Andree');
INSERT INTO CUSTOMER VALUES(8930525, 'Stephan', 'Westcott');
INSERT INTO CUSTOMER VALUES(71530, 'Cloris', 'Crips');
INSERT INTO CUSTOMER VALUES(3195209, 'Camala', 'Corwin');
INSERT INTO CUSTOMER VALUES(6936921, 'Steven', 'Collingdon');
INSERT INTO CUSTOMER VALUES(3043080, 'Tiertza', 'Lukins');
INSERT INTO CUSTOMER VALUES(5883649, 'Olivero', 'Russen');
INSERT INTO CUSTOMER VALUES(6889689, 'Antonietta', 'Scarth');
INSERT INTO CUSTOMER VALUES(8342373, 'Royce', 'Edwinson');
INSERT INTO CUSTOMER VALUES(8506011, 'Cesare', 'Hinckesman');
INSERT INTO CUSTOMER VALUES(3408636, 'Michal', 'Batham');
INSERT INTO CUSTOMER VALUES(8792689, 'Salvador', 'Escot');
INSERT INTO CUSTOMER VALUES(6647010, 'Glennis', 'Delatour');
INSERT INTO CUSTOMER VALUES(5865036, 'Allin', 'Armistead');
INSERT INTO CUSTOMER VALUES(7513969, 'Amelia', 'Glitherow');
INSERT INTO CUSTOMER VALUES(4266504, 'Hillery', 'Kerrey');
INSERT INTO CUSTOMER VALUES(9538888, 'Lorain', 'Dunbobin');
INSERT INTO CUSTOMER VALUES(227952, 'Graehme', 'Huntingdon');
INSERT INTO CUSTOMER VALUES(2254822, 'Dru', 'Leader');
INSERT INTO CUSTOMER VALUES(1494676, 'Mathew', 'LLelweln');
INSERT INTO CUSTOMER VALUES(7836821, 'Rania', 'McClenan');
INSERT INTO CUSTOMER VALUES(2175861, 'Geralda', 'Corness');
INSERT INTO CUSTOMER VALUES(7899601, 'Dulcea', 'Pentercost');
INSERT INTO CUSTOMER VALUES(9194564, 'Lorenza', 'Ryan');
INSERT INTO CUSTOMER VALUES(7120447, 'Corny', 'Jordanson');
INSERT INTO CUSTOMER VALUES(4278459, 'Janeta', 'Fitzroy');
INSERT INTO CUSTOMER VALUES(6101831, 'Lydie', 'Dundridge');
INSERT INTO CUSTOMER VALUES(2469004, 'Amory', 'Lequeux');
INSERT INTO CUSTOMER VALUES(6394449, 'Charity', 'Gaythorpe');
INSERT INTO CUSTOMER VALUES(9346072, 'Meagan', 'Cleeve');
INSERT INTO CUSTOMER VALUES(7081170, 'Marigold', 'Delve');
INSERT INTO CUSTOMER VALUES(5894730, 'Zara', 'Frosch');
INSERT INTO CUSTOMER VALUES(3399029, 'Karel', 'Corsor');
INSERT INTO CUSTOMER VALUES(5085258, 'Lianne', 'Dalrymple');
INSERT INTO CUSTOMER VALUES(3380486, 'Mary', 'Lacroux');
INSERT INTO CUSTOMER VALUES(8217900, 'Barnett', 'Henstone');
INSERT INTO CUSTOMER VALUES(6346491, 'Marni', 'Arbuckle');
INSERT INTO CUSTOMER VALUES(1015178, 'Urbain', 'Potell');
INSERT INTO CUSTOMER VALUES(2250219, 'Elbertine', 'McGuigan');
INSERT INTO CUSTOMER VALUES(6624974, 'Genni', 'Bennoe');
INSERT INTO CUSTOMER VALUES(8054237, 'Quintilla', 'Rosenfrucht');
INSERT INTO CUSTOMER VALUES(4528373, 'Mahmud', 'Wiggans');
INSERT INTO CUSTOMER VALUES(9018007, 'Zuzana', 'Hanretty');
INSERT INTO CUSTOMER VALUES(4039435, 'Abigail', 'Boxill');
INSERT INTO CUSTOMER VALUES(8529860, 'Nolana', 'Fairham');
INSERT INTO CUSTOMER VALUES(9608234, 'Zarah', 'McElane');
INSERT INTO CUSTOMER VALUES(6238538, 'Brenn', 'Mannock');


INSERT INTO ORDERS VALUES(6329548, STR_TO_DATE('2/20/18', '%m/%d/%Y'), 0.21, 6238538);
INSERT INTO ORDERS VALUES(21159418, STR_TO_DATE('12/14/19', '%m/%d/%Y'), 0.27, 5865036);
INSERT INTO ORDERS VALUES(37526863, STR_TO_DATE('9/24/19', '%m/%d/%Y'), 0.27, 6238538);
INSERT INTO ORDERS VALUES(47362055, STR_TO_DATE('10/9/18', '%m/%d/%Y'), 0.27, 7120447);
INSERT INTO ORDERS VALUES(327295295, STR_TO_DATE('1/20/19', '%m/%d/%Y'), 0.24, 5865036);
INSERT INTO ORDERS VALUES(339191522, STR_TO_DATE('3/10/18', '%m/%d/%Y'), 0.23, 6394449);
INSERT INTO ORDERS VALUES(344834709, STR_TO_DATE('12/29/17', '%m/%d/%Y'), 0.24, 8529860);
INSERT INTO ORDERS VALUES(394396596, STR_TO_DATE('12/27/17', '%m/%d/%Y'), 0.23, 5865036);
INSERT INTO ORDERS VALUES(421669632, STR_TO_DATE('11/23/18', '%m/%d/%Y'), 0.29, 6394449);
INSERT INTO ORDERS VALUES(423903554, STR_TO_DATE('10/13/19', '%m/%d/%Y'), 0.21, 3380486);
INSERT INTO ORDERS VALUES(439870943, STR_TO_DATE('8/7/19', '%m/%d/%Y'), 0.27, 7899601);
INSERT INTO ORDERS VALUES(602587351, STR_TO_DATE('9/28/18', '%m/%d/%Y'), 0.2, 4039435);
INSERT INTO ORDERS VALUES(607372949, STR_TO_DATE('11/7/19', '%m/%d/%Y'), 0.24, 7120447);
INSERT INTO ORDERS VALUES(641371592, STR_TO_DATE('10/11/18', '%m/%d/%Y'), 0.29, 3408636);
INSERT INTO ORDERS VALUES(659239640, STR_TO_DATE('12/2/19', '%m/%d/%Y'), 0.23, 4039435);
INSERT INTO ORDERS VALUES(695609977, STR_TO_DATE('11/29/19', '%m/%d/%Y'), 0.25, 6394449);

INSERT INTO ORDER_CONTENTS VALUES(1, 411, 1, 6329548);
INSERT INTO ORDER_CONTENTS VALUES(2, 12, 2, 602587351);
INSERT INTO ORDER_CONTENTS VALUES(3, 987, 11, 421669632);
INSERT INTO ORDER_CONTENTS VALUES(4, 469, 18, 339191522);
INSERT INTO ORDER_CONTENTS VALUES(5, 570, 19, 602587351);
INSERT INTO ORDER_CONTENTS VALUES(6, 662, 16, 6329548);
INSERT INTO ORDER_CONTENTS VALUES(7, 783, 5, 421669632);
INSERT INTO ORDER_CONTENTS VALUES(8, 54, 20, 6329548);
INSERT INTO ORDER_CONTENTS VALUES(9, 842, 20, 421669632);
INSERT INTO ORDER_CONTENTS VALUES(10, 692, 14, 6329548);
INSERT INTO ORDER_CONTENTS VALUES(11, 249, 6, 602587351);
INSERT INTO ORDER_CONTENTS VALUES(12, 128, 9, 421669632);
INSERT INTO ORDER_CONTENTS VALUES(13, 589, 9, 339191522);

INSERT INTO VENUE VALUES(1, 'Blues Hall', 338, 2704, 2);
INSERT INTO VENUE VALUES(2, 'The Red Suite', 613, 4904, 2);
INSERT INTO VENUE VALUES(3, 'Blues Club', 1335, 10680, 4);
INSERT INTO VENUE VALUES(4, 'Chocolate Building', 501, 4008, 5);
INSERT INTO VENUE VALUES(5, 'The Purple Reserve', 770, 6160, 2);
INSERT INTO VENUE VALUES(6, 'Historic Center', 872, 6976, 5);
INSERT INTO VENUE VALUES(7, 'Flowers Hall', 72, 576, 4);
INSERT INTO VENUE VALUES(8, 'The Jazz Room', 1309, 10472, 3);
INSERT INTO VENUE VALUES(9, 'The Pink Center', 1171, 9368, 3);
INSERT INTO VENUE VALUES(10, 'Green Park', 574, 4592, 4);
INSERT INTO VENUE VALUES(13, 'The Blues Center', 1093, 8744, 2);
INSERT INTO VENUE VALUES(14, 'Jazz Farm', 1298, 10384, 2);
INSERT INTO VENUE VALUES(15, 'The Green Park', 455, 3640, 3);
INSERT INTO VENUE VALUES(16, 'The Green Center', 1197, 9576, 4);
INSERT INTO VENUE VALUES(17, 'The Gallery Suite', 656, 5248, 4);
INSERT INTO VENUE VALUES(30, 'The Green Room', 828, 6624, 5);
INSERT INTO VENUE VALUES(31, 'Pink Club', 110, 880, 2);
INSERT INTO VENUE VALUES(32, 'Blue Farm', 1046, 8368, 3);

INSERT INTO RENTAL VALUES(1, 4158.25, STR_TO_DATE('8/19/2019', '%m/%d/%Y'), 5865036, 1);
INSERT INTO RENTAL VALUES(2, 1357.09, STR_TO_DATE('10/4/2017', '%m/%d/%Y'), 7513969, 6);
INSERT INTO RENTAL VALUES(3, 4454.06, STR_TO_DATE('12/21/2017', '%m/%d/%Y'), 4278459, 7);
INSERT INTO RENTAL VALUES(4, 5573.84, STR_TO_DATE('10/4/2017', '%m/%d/%Y'), 7513969, 13);
INSERT INTO RENTAL VALUES(5, 7165.15, STR_TO_DATE('9/6/2017', '%m/%d/%Y'), 7513969, 17);
INSERT INTO RENTAL VALUES(6, 1290.02, STR_TO_DATE('4/28/2017', '%m/%d/%Y'), 4266504, 17);
INSERT INTO RENTAL VALUES(7, 6704.55, STR_TO_DATE('11/20/2019', '%m/%d/%Y'), 7899601, 9);
INSERT INTO RENTAL VALUES(8, 5800.52, STR_TO_DATE('11/15/2018', '%m/%d/%Y'), 4266504, 8);
INSERT INTO RENTAL VALUES(23, 4705.19, STR_TO_DATE('1/19/2019', '%m/%d/%Y'), 2254822, 8);
INSERT INTO RENTAL VALUES(24, 3209.88, STR_TO_DATE('4/28/2017', '%m/%d/%Y'), 7899601, 5);
INSERT INTO RENTAL VALUES(25, 2379.98, STR_TO_DATE('10/3/2017', '%m/%d/%Y'), 4278459, 14);
-- Test inserting with auto-generated row ID
INSERT INTO RENTAL (Price, Date, Customer_ID, Venue_ID) VALUES(9176.03, STR_TO_DATE('4/5/2018', '%m/%d/%Y'), 2254822, 7);